apollo_account_id,location,slug,zip,store,segment
6a6a4027993d9c0018e367ab,Brown Cancer Center,brown-cancer-center,40245,Landis,champion
6a6a4028e25d1b0018a31260,Crossroads Church,crossroads-church,45209,Oakley,champion
6a6a4029d040e5001cf9f866,,,40223,Queen City Wild Eggs,champion
6a6a402a2e468a0010e44b02,Traders Point Christian Church,traders-point-christian-church,46220,Pulliam,champion
6a6a402b9798c5000c89d961,Racing Louisville FC,racing-louisville-fc,40206,Mercantile,champion
6a6a402c00f4d3001c0ee35c,Traders Point Christian Church - Carmel,traders-point-christian-church---carmel,46032,Carmel,champion
6a6a402dcfd0170018985f73,LC Rheumatology,lc-rheumatology,47150,New Albany,champion
6a6a402e9ced4f0020ceabb2,Victory Field,victory-field,46225,Pulliam,champion
6a6a402fca4416001087d959,Baptist Health Cancer Center,baptist-health-cancer-center,47150,New Albany,champion
6a6a403067e9a2000c4b841c,Salesforce,salesforce,46204,Pulliam,champion
6a6a40304874a900100a7abe,Planet Fitness Kueber Center,planet-fitness-kueber-center,40209,Mercantile,champion
6a6a40313522a2000ceb8561,Louisville Pulmonary Care,louisville-pulmonary-care,40207,Dupont,champion
6a6a40324e32800018dc01fe,UofL Field Hockey,uofl-field-hockey,40208,New Albany,champion
6a6a403382cec70018c732ef,Raymond James,raymond-james,40222,Westport,champion
6a6a40345214390020a811a8,Med Center Health Neurology,med-center-health-neurology,42101,Bowling Green,champion
6a6a403400ae0700103fe3a4,Graves Gilbert Dermatology,graves-gilbert-dermatology,42103,Bowling Green,champion
6a6a40353522a2000ceb8598,Benefits All In,benefits-all-in,45236,Oakley,champion
6a6a40365430b100109015e5,Marathon Health,marathon-health,46204,Pulliam,champion
6a6a40375658bd0020322899,Traders Point Christian Church - Production,traders-point-christian-church---production,46037,Fishers,champion
6a6a403830da350014734129,WireCrafters,wirecrafters,40214,Mercantile,champion
6a6a4039b0834c0020915159,Procter and Gamble,procter-and-gamble,45202,Queen City Wild Eggs,champion
6a6a403ad24bd3000c56ad2e,OMS Photo,oms-photo,45223,Queen City Wild Eggs,champion
6a6a403a5214390010448971,Fedex,fedex,42101,Bowling Green,champion
6a6a403b67e9a2000c4b8429,StriveTogether,strivetogether,45202,Queen City Wild Eggs,champion
6a6a403c82cec70018c733fc,Mt Auburn Nephrology,mt-auburn-nephrology,45236,Oakley,champion
6a6a403dcb572f0014eac7a6,University of Louisville/Clinical Translational Research Building (CTR),university-of-louisville-clinical-translational-research-building-(ctr),40202,Mercantile,champion
6a6a403e7b114b00186eda01,JWM Neurology,jwm-neurology,46260,Carmel,champion
6a6a403ffcb5980014b0ed0a,Newburgh Dermatology,newburgh-dermatology,47630,Evansville,champion
6a6a4040ee3309000c51457c,Stoll Keenon Ogden,stoll-keenon-ogden,47708,Evansville,champion
6a6a40401860eb00201cca7b,Christ Hospital Physicians,christ-hospital-physicians,45219,Queen City Wild Eggs,champion
6a6a4041e1a7f4001c7789c0,Norton Healthcare Sleep Center,norton-healthcare-sleep-center,40241,Westport,champion
6a6a404209afd20021ebb906,DMG - Divisions Maintenance Group,dmg---divisions-maintenance-group,45202,Queen City Wild Eggs,champion
6a6a404f60cde8002010a644,Louisville Gas & Electric,louisville-gas-and-electric,40218,Mercantile,winback
6a6a40509bbc71000ca1fab0,Baptist Neurology,baptist-neurology,40207,Dupont,winback
6a6a40518b79c8000c38766b,Clark Schaefer Hackett,clark-schaefer-hackett,45202,Queen City Wild Eggs,winback
6a6a405288536f0010dca164,Dean Dorton,dean-dorton,41011,Fishers,winback
6a6a405309afd20011f15bda,Graves Gilbert Clinic,graves-gilbert-clinic,42103,Bowling Green,winback
6a6a4054cfd017001898611a,Dawes Fretzin,dawes-fretzin,46250,Carmel,winback
6a6a4055fec12d000c8945dd,Baptist Cancer Center - Cancer & Blood Center,baptist-cancer-center---cancer-and-blood-center,40207,Dupont,winback
6a6a4056fec12d00207b5136,Brown Cancer Center Fellows,brown-cancer-center-fellows,40202,Westport,winback
6a6a40575658bd001c873fae,U of L Oncology,u-of-l-oncology,40202,Mercantile,winback
6a6a4058226ed3000c8bc978,St Francis Cancer Center,st-francis-cancer-center,46237,Pulliam,winback
6a6a4059f036c70010f43c09,Brown Cancer Center Terra Crossing,brown-cancer-center-terra-crossing,40245,Dupont,winback
6a6a4059b9a7b800104850f5,UL Brown Cancer Center,ul-brown-cancer-center,40245,Landis,winback
6a6a405aee2f07000ce9cec9,EY,ey,45202,Pulliam,winback
6a6a405ccfd017001ce7905f,UofL Brown Cancer Center,uofl-brown-cancer-center,40245,Landis,winback
6a6a405df0044c001443a1d2,Elevance Health,elevance-health,46204,Oakley,winback
6a6a405e82cec70018c73581,OnTarget CPA,ontarget-cpa,46204,Pulliam,winback
6a6a405f9f6f1500180ca5f5,Deaconess Dermatology,deaconess-dermatology,47713,Evansville,winback
6a6a406049e898001c5d349e,louisville slugger field - Toledo Mudhens,louisville-slugger-field---toledo-mudhens,40202,Mercantile,winback
6a6a4061baa0490014de3ab0,DHL,dhl,41042,Queen City Wild Eggs,winback
6a6a40622d1f2c0020962338,Deloitte,deloitte,46204,Pulliam,winback
6a6a4062d040e5001cf9fc9e,Merchants Bank,merchants-bank,46032,Carmel,winback
6a6a40641860eb0010788fa0,EGC Construction,egc-construction,41071,Oakley,winback
6a6a4065f036c70010f43d16,Kentuckiana Comfort Center (KCC),kentuckiana-comfort-center-(kcc),40299,Jtown,winback
6a6a40667df4d100189b06fd,Advanced ENT and Allergy,advanced-ent-and-allergy,47150,New Albany,winback
6a6a40675214390010448a71,Brown Cancer Center - Terra Crossing,brown-cancer-center---terra-crossing,40245,Landis,winback
6a6a4068cb572f001801512f,Hampton Inn & Suites South Greenwood - Vanderbilt University Volleyball,hampton-inn-and-suites-south-greenwood---vanderbilt-university-volleyball,46237,Greenwood,winback
6a6a406982cec70018c73668,Oncology Hematology Care,oncology-hematology-care,45242,Oakley,winback
6a6a406acb572f0014eacb92,"Portland Family Health Center-Dr Fineman, et al",portland-family-health-center-dr-fineman-et-al,40212,New Albany,winback
6a6a406bf599f80010b83a0c,Roehr Insurance,roehr-insurance,45209,Oakley,winback
6a6a406c9bbc710010a88657,Bennett & Bloom Eye Centers,bennett-and-bloom-eye-centers,40207,Dupont,winback
6a6a406d0842f70014f797e4,Univ of Louisville Cancer Center,univ-of-louisville-cancer-center,40245,Landis,winback
6a6a406e4f4cf50018e0c213,Brown Cancer Center- Terra Crossing,brown-cancer-center--terra-crossing,40245,Dupont,winback
6a6a406ebaa04900205db4e2,Southeast Christian Church Prospect Campus,southeast-christian-church-prospect-campus,40059,Westport,winback
6a6a406f5658bd0020322afd,Deaconess Cancer Services Medical Office Building 4,deaconess-cancer-services-medical-office-building-4,47630,Evansville,winback
6a6a4070a4b32f0018d57113,Synergistic Designs,synergistic-designs,45241,Oakley,winback
6a6a4071e25d1b0018a32535,Western Kentucky heart and lung,western-kentucky-heart-and-lung,42101,Bowling Green,winback
6a6a40720754870020fc7b7e,Louisville Urban League,louisville-urban-league,40203,Westport,winback
6a6a40737b114b00186edb89,Deaconess MOB 4 Cancer Services,deaconess-mob-4-cancer-services,47630,Evansville,winback
6a6a40732e468a00149c5d47,Kaiser Aluminum Warrick,kaiser-aluminum-warrick,47630,Evansville,winback
6a6a407467b2990014a51dc8,Jane and Jewell Center,jane-and-jewell-center,40203,Mercantile,winback
6a6a4075c98b510014a81acf,The Dermatology Center of Indiana,the-dermatology-center-of-indiana,46143,Greenwood,winback
6a6a4076d550860020aa6ef6,ASG Indianapolis,asg-indianapolis,46240,Carmel,winback
6a6a4077cb572f0020018110,Ten Different Looks,ten-different-looks,40216,Mercantile,winback
6a6a4078e25d1b0018a3259a,"CBRE, Inc. (Ormsby III)",cbre-inc-(ormsby-iii),40223,Westport,winback
6a6a407905eeaf000c21d9a1,Divisions Maintenance Group,divisions-maintenance-group,45202,Queen City Wild Eggs,winback
6a6a407afe51cb00182f42c4,RLS,rls,45203,Queen City Wild Eggs,winback
6a6a407b3a8119000cb57e30,Louisville Endoscopy Center,louisville-endoscopy-center,40217,Mercantile,winback
6a6a407c05eeaf000c21d9a7,Brown Cancer Center - GynOnc (Metzinger/Todd),brown-cancer-center---gynonc-(metzinger-todd),40202,Mercantile,winback
6a6a407d280f2b00145909c7,Deaconess Allergy Clinic,deaconess-allergy-clinic,47715,Evansville,winback
6a6a407e94347f000c2b8a34,Baptist Gastroenterology,baptist-gastroenterology,40223,Landis,winback
6a6a407ec98b510014a81af3,Eureka Ranch/Dexter-Brain Brew Distillery,eureka-ranch-dexter-brain-brew-distillery,45244,Oakley,winback
6a6a407fcfd0170010f4bf16,Carrier,carrier,46231,Avon,winback
6a6a408082cec70018c73731,Graves-Gilbert Clinic,graves-gilbert-clinic,42103,Bowling Green,winback
6a6a40815214390010448b19,"Harding, Shymanski & Company",harding-shymanski-and-company,40202,Mercantile,winback
6a6a4082a6c8060020e28d52,P&G,pandg,45202,Queen City Wild Eggs,winback
6a6a4083476c110020ddffde,Hirons,hirons,46202,Pulliam,winback
6a6a4086fb8bec001c921fb8,Ball State University | CAP Indy,ball-state-university-|-cap-indy,46202,Pulliam,winback
6a6a4087e64d5d000cd4e874,Elite Built Homes,elite-built-homes,40245,Landis,winback
6a6a40888969a400183c1cca,1st Urology,1st-urology,47150,New Albany,winback
6a6a40894874a900100a7cbd,University of Cincinnati Kresge Circle,university-of-cincinnati-kresge-circle,45267,Queen City Wild Eggs,winback
6a6a408a2d1f2c00209631c2,Brown Cancer Center - Terra Crossing Blvd,brown-cancer-center---terra-crossing-blvd,40245,Dupont,winback
6a6a408a3a8119000cb57fd0,Audubon hosptial,audubon-hosptial,40217,Mercantile,winback
6a6a408b88536f0020d8a1ab,"Hinkle Contracting - at the Hampton Inn Louisville East, Conference Room",hinkle-contracting---at-the-hampton-inn-louisville-east-conference-room,40299,Jtown,winback
6a6a408c1860eb00107891bf,Montgomery Community Church,montgomery-community-church,45249,Oakley,winback
6a6a408d521439001c453417,UOFL ENT,uofl-ent,40207,Dupont,winback
6a6a408e3059f2001cfab3d8,Dr. Seshadri Oncology,dr-seshadri-oncology,42101,Bowling Green,winback
6a6a408fb834fb0018e5ee3a,Med Center Psychiatry,med-center-psychiatry,42101,Bowling Green,winback
6a6a409000f4d3001c0eeaa0,Gastro Health West Side,gastro-health-west-side,45211,Queen City Wild Eggs,winback
6a6a409149e898001c5d35fe,University of Evansville - Carson Center,university-of-evansville---carson-center,47714,Evansville,winback
6a6a4091d550860020aa6fd0,building,building,45202,Queen City Wild Eggs,winback
6a6a4092fec12d001ce850c0,The blankenbaker,the-blankenbaker,40299,Jtown,winback
6a6a4094ae7a030017d61022,Kidney and Hypertension Center,kidney-and-hypertension-center,41017,Queen City Wild Eggs,winback
6a6a4094145993001ca4cc12,Veterinary Emergency Group,veterinary-emergency-group,46240,Carmel,winback
6a6a4095fec12d000c894cfe,OnT,ont,46204,Pulliam,winback
6a6a40962aafe6001852b2f8,Vineyard Cincinnati Church,vineyard-cincinnati-church,45246,Oakley,winback
6a6a40979b4a55002014a7a0,Retina Associates of Kentucky,retina-associates-of-kentucky,40205,Dupont,winback
6a6a4098f0044c001443aa7a,Priority Physicians,priority-physicians,46260,Carmel,winback
6a6a4099280f2b000c00fff7,Arbor Homes,arbor-homes,46216,Pulliam,winback
6a6a409a54419400149eeb57,FAMILY HEALTH CENTER PORTLAND- ADULT PRIMARY CARE,family-health-center-portland--adult-primary-care,40212,New Albany,winback
6a6a409b3cf72e000c43bad9,Graves Gilbert Gastro,graves-gilbert-gastro,42103,Bowling Green,winback
6a6a409ce8a1da0020fbac60,IBMT,ibmt,46237,Pulliam,winback
6a6a409c4eef240018d2c396,Deaconess Downtown Primary Care 2nd floor,deaconess-downtown-primary-care-2nd-floor,47713,Evansville,winback
6a6a409dbdd2e40010299d3b,Covington by the Lake Apartments,covington-by-the-lake-apartments,40219,Mercantile,winback
6a6a409e1dcc030010c02cae,GE Aerospace,ge-aerospace,45215,Oakley,winback
6a6a409f0b982b0014f11636,The Nature Conservancy,the-nature-conservancy,46202,Pulliam,winback
6a6a40a0c7b09b001cfd2416,DaVita,davita,46203,Greenwood,winback
6a6a40a109afd20021ebba13,Cummins,cummins,46204,Pulliam,winback
6a6a40a21dc37f00100970be,Amcor,amcor,47725,Evansville,winback
6a6a40a3954f37001ce8fba7,Montgomery Animal Hospital,montgomery-animal-hospital,45236,Oakley,winback
6a6a40a45ad80e001cfe43b3,Microsoft,microsoft,45206,Queen City Wild Eggs,winback
6a6a40a4d24bd3000c56b30a,MediMorph MedSpa,medimorph-medspa,41017,Queen City Wild Eggs,winback
6a6a40a5d62f050018acca83,St Elizabeths pulmonology,st-elizabeths-pulmonology,41017,Queen City Wild Eggs,winback
6a6a40a89b4a5500100f501f,Matthew 25,matthew-25,47708,Evansville,winback
6a6a40a94e3280001c74a4fe,Dr. Fraser Graves Gilbert Clinic Rheumatology,dr-fraser-graves-gilbert-clinic-rheumatology,42101,Bowling Green,winback
6a6a40aab0834c0020915be5,Norton Medical Group,norton-medical-group,40241,Westport,winback
6a6a40ac65b2c3001c7841f1,Ascension St. Vincent Breast Care,ascension-st-vincent-breast-care,46032,Carmel,winback
6a6a40adcb5709001093791a,Panta family,panta-family,47150,New Albany,winback
6a6a40aecb572f001c39022f,Delv Design,delv-design,46201,Pulliam,winback
6a6a40af9798c500182729d6,"Southeast Christian Church, Prospect Campus",southeast-christian-church-prospect-campus,40059,Westport,winback
6a6a40afcb5709001093794f,Elevate Ventures,elevate-ventures,46204,Pulliam,winback
6a6a40b0f80a50001ce331b5,Ernst & Young (EY),ernst-and-young-(ey),46202,Pulliam,winback
6a6a40b1134dd0001072eba9,Allegion - Jessica Jachimecki,allegion---jessica-jachimecki,46032,Carmel,winback
6a6a40b28faadc0018497001,Dr. Allred EQUITY DERMATOLOGY,dr-allred-equity-dermatology,42101,Bowling Green,winback
6a6a40b3d1c141000c5d23ce,Cornell Install Home,cornell-install-home,46142,Greenwood,winback
6a6a40b4d62f05001447446f,StudioAxis,studioaxis,46202,Pulliam,winback
6a6a40b54eef240018d2c6cc,Family Allergy Asthma,family-allergy-asthma,40291,Landis,winback
6a6a40b6cb572f0020018af3,Metro/Huntington Center,metro-huntington-center,45201,Queen City Wild Eggs,winback
6a6a40b754419400189309f7,Community Health Internal Medicine,community-health-internal-medicine,46032,Carmel,winback
6a6a40b85ce01e000c6f2aa8,UofL Health Primary Care,uofl-health-primary-care,40118,Mercantile,winback
6a6a40b9521439001c4539df,Residence,residence,40204,Mercantile,winback
6a6a40bafec12d00207b551c,Confluent Health,confluent-health,40223,Westport,winback
6a6a40bbf0044c001443ac16,Cooke Financial Group,cooke-financial-group,46240,Carmel,winback
6a6a40bc1164cf00185941d0,New Pathways Clinic,new-pathways-clinic,45242,Oakley,winback
6a6a40bc7b114b001049960b,Bowling Green Ballpark,bowling-green-ballpark,42101,Bowling Green,warm
6a6a40bdae7a030017d61274,Franciscan Oncology & Hematology - Emerson,franciscan-oncology-and-hematology---emerson,46237,Greenwood,warm
6a6a40be05eeaf001c6764ee,First Urology,first-urology,47130,Mercantile,warm
6a6a40bfae7a030017d61295,Baptist Health Neurology,baptist-health-neurology,40207,Westport,warm
6a6a40c077f4eb00106cc9e3,Graves Gilbert Gastroenterology,graves-gilbert-gastroenterology,42103,Bowling Green,warm
6a6a40c2ae7a030017d612d7,Staffmark,staffmark,45202,Queen City Wild Eggs,warm
6a6a40c35441940018930a64,Home,home,45243,Mercantile,warm
6a6a40c30842f7000cf66659,UofL Brown Cancer Center - Breast Oncology,uofl-brown-cancer-center---breast-oncology,40202,Mercantile,warm
6a6a40c40842f70014f79d7a,Staffmark Group,staffmark-group,45202,Queen City Wild Eggs,warm
6a6a40c5fec12d000c894f06,MISO,miso,46032,Carmel,warm
6a6a40c68faadc0018497072,Eureka! Ranch/Dexter-Brain Brew Distillery,eureka!-ranch-dexter-brain-brew-distillery,45244,Oakley,warm
6a6a40c7ba36e2001410064c,Cook Medical,cook-medical,46202,Pulliam,warm
6a6a40c800ae07001749b2d1,"Graves Gilbert Clinic, Dr. Gass Brooks Mangold Stice Drexel",graves-gilbert-clinic-dr-gass-brooks-mangold-stice-drexel,42101,Bowling Green,warm
6a6a40c9c7b09b001cfd257d,BAE Systems,bae-systems,40214,Mercantile,warm
6a6a40ca26f057001042eff9,Redeemer Presbyterian Church Indianapolis,redeemer-presbyterian-church-indianapolis,46202,Pulliam,warm
6a6a40cbe64d5d0015776ba0,Pivot,pivot,46225,Pulliam,warm
6a6a40ccb232610010eda98b,Franciscan Health Oncology & Hematology Specialists,franciscan-health-oncology-and-hematology-specialists,46237,Pulliam,warm
6a6a40cd55390c0010eb6bde,MegaCorp Logistics,megacorp-logistics,41071,Queen City Wild Eggs,warm
6a6a40cef8a1fd0010bc0a42,Dauenhauer Plumbing,dauenhauer-plumbing,40218,Dupont,warm
6a6a40cf9798c50018272a50,DMG,dmg,45202,Queen City Wild Eggs,warm
6a6a40d0f80a50001ce33395,Deaconess,deaconess,47715,Evansville,warm
6a6a40d1c85fa3000ce232c9,cbc Kresge,cbc-kresge,40207,Dupont,warm
6a6a40d100f4d3001c0eed0d,Louisville Slugger Field,louisville-slugger-field,40202,Mercantile,warm
6a6a40d2c7b09b001cfd25da,Franciscan Oncology &Hematology,franciscan-oncology-andhematology,46237,Greenwood,warm
6a6a40d3e64d5d0015776bb8,TriHealth Physicians Gastroenterology,trihealth-physicians-gastroenterology,45242,Oakley,warm
6a6a40d49798c50018272ab1,Gastro Health Partners - OneGI,gastro-health-partners---onegi,40218,Westport,warm
6a6a40d5bb0497000c22236f,KY Skin Cancer Center,ky-skin-cancer-center,42103,Bowling Green,warm
6a6a40d7f0044c0010021d10,KMK Law,kmk-law,45202,Queen City Wild Eggs,warm
6a6a40d8cb572f0014eace7a,Brown Cancer RADIATION ONCOLOGY,brown-cancer-radiation-oncology,40202,Mercantile,warm
6a6a40d9fb17b400185affaf,Crossroads Church Oakley,crossroads-church-oakley,45209,Oakley,warm
6a6a40dac98b510020606008,Trihealth Group Health,trihealth-group-health,45236,Oakley,warm
6a6a40dbcb57090010937a9f,Racing Louisville,racing-louisville,40206,Mercantile,warm
6a6a40dcbb0497000c2224a9,Deaconess Clinic Primary Care - Downtown Fourth Street,deaconess-clinic-primary-care---downtown-fourth-street,47713,Evansville,warm
6a6a40dd0842f70014f7a0bb,Methodist Hospital Interventional Radiology,methodist-hospital-interventional-radiology,46202,Pulliam,warm
6a6a40de55390c0010eb6d90,Gastroenterology Office,gastroenterology-office,40218,Dupont,warm
6a6a40df52ef2300148acd2c,OHC Blue Ash,ohc-blue-ash,45242,Oakley,warm
6a6a40df49bd4b0020464bae,[REMOVED],[removed],47630,Evansville,warm
6a6a40e0280f2b001c8ee7d0,CEI- Cincinnati Eye Instutite,cei--cincinnati-eye-instutite,45219,Queen City Wild Eggs,warm
6a6a40e1d1c141000c5d2626,Baptist Oncology,baptist-oncology,47150,New Albany,warm
6a6a40e3cb570900145b06e4,Dermatologists of Central States,dermatologists-of-central-states,45242,Oakley,warm
6a6a40e3af2626001498bcfc,The Dermatology Center,the-dermatology-center,47150,New Albany,warm
6a6a40e409afd20021ebbe40,Holiday Inn.,holiday-inn,46074,Carmel,warm
6a6a40e5f0044c001443b18c,Cincinnati GI,cincinnati-gi,45255,Queen City Wild Eggs,warm
6a6a40e69b4a55002014ac18,Southeast Christian church - Crestwood Campus,southeast-christian-church---crestwood-campus,40014,Landis,warm
6a6a40e7ae7a030017d615cb,LC Rheumatology& Infusion,lc-rheumatologyand-infusion,47150,Jeffersonville,warm
6a6a40e83cf72e001092e778,Washington Family Medicine,washington-family-medicine,46219,Pulliam,warm
6a6a40e9c7b09b0014ad39d1,Methodist Hospital,methodist-hospital,46202,Pulliam,warm
6a6a40ea88caba001ceea2ac,Brown cancer center downtown,brown-cancer-center-downtown,40202,Westport,warm
6a6a40eb4eef240020758870,Lennar Homes,lennar-homes,46032,Carmel,warm
6a6a40eccb570900145b0769,Deaconess Felstead FP,deaconess-felstead-fp,47712,Evansville,warm
6a6a40ec0842f7000cf66be2,Grainger,grainger,40219,Mercantile,warm
6a6a40edc7b09b0014ad39fd,Tri Health Endo,tri-health-endo,45211,Queen City Wild Eggs,warm
6a6a40ee94347f000c2b8e43,Associates in Dermatology,associates-in-dermatology,40222,Westport,warm
6a6a40ef32e89c001425f66d,Charles H Braun Stadium,charles-h-braun-stadium,47722,Evansville,warm
6a6a40f05e6777001caa13f3,Equity Medical Dermatology,equity-medical-dermatology,42104,Bowling Green,warm
6a6a40f1ac483800149f6d1d,Lake Cumberland Rheumatology,lake-cumberland-rheumatology,47150,Jeffersonville,warm
6a6a40f29b4a55001c265a7a,PricewaterhouseCoopers,pricewaterhousecoopers,45202,Queen City Wild Eggs,warm
6a6a40f300f4d300205b2ee3,Rheumatology Associates,rheumatology-associates,40218,Dupont,warm
6a6a40f4ae7a030017d61620,Dr. Warren Neurology,dr-warren-neurology,47630,Evansville,warm
6a6a40f5b0834c001cff5022,Carpet Specialists,carpet-specialists,40223,Landis,warm
6a6a40f6f96e5900185c2ae6,UofL Endocrinology,uofl-endocrinology,40205,Dupont,warm
6a6a40f78faadc00184973d4,Baptist Hospital ED Observation unit,baptist-hospital-ed-observation-unit,40207,Dupont,warm
6a6a40f803ba06001428284a,IU Health West Cath Lab,iu-health-west-cath-lab,46123,Avon,warm
6a6a40f8ae7a030017d61646,FPN Oncology & Hematology - Emerson,fpn-oncology-and-hematology---emerson,46237,Pulliam,warm
6a6a40f90842f70014f7a407,Deaconess infusion,deaconess-infusion,47630,Evansville,warm
6a6a40fa4eef240018d2d536,Northview Church,northview-church,46033,Fishers,warm
6a6a40fbfb05170010b267b2,MISO Energy,miso-energy,46032,Carmel,warm
6a6a40fca8fd8e00140858ca,Deloitte (Salesforce building),deloitte-(salesforce-building),46204,Pulliam,warm
6a6a40fd3d7a0c001cc5f9b5,Cummins Inc,cummins-inc,46204,Pulliam,warm
6a6a40fec85fa3000ce23721,Cincinnati- GI,cincinnati--gi,45255,Queen City Wild Eggs,warm
6a6a40ff028b0f001460dc12,Indie Mane,indie-mane,46203,Pulliam,warm
6a6a40ffd24bd3000c56c263,Residence - Jessica Kohlmeyer,residence---jessica-kohlmeyer,46060,Fishers,warm
6a6a4100280f2b001c8ee92a,TriHealth Gastro Montgomery,trihealth-gastro-montgomery,45242,Oakley,warm
6a6a41018faadc0018497710,Launch Business Funding,launch-business-funding,40223,Landis,warm
6a6a410225e9fa00204809eb,UC Endosocopy,uc-endosocopy,45242,Oakley,warm
6a6a4103f334dc0020f82dc0,HUB International,hub-international,45236,Oakley,warm
6a6a410426f057001042fb43,Ameriprise Financial,ameriprise-financial,40222,Westport,warm
6a6a4105c98b510020606187,TriHealth Gastroenterology - Bethesda North,trihealth-gastroenterology---bethesda-north,45242,Oakley,warm
6a6a4106f0044c000cfcaf92,Kemper CPA Group LLP,kemper-cpa-group-llp,47715,Evansville,warm
6a6a4107d71123001420b485,Robert Stewart MD,robert-stewart-md,40222,Westport,warm
6a6a410732e89c001425f9c9,Clearpath/Harford,clearpath-harford,40223,Westport,warm
6a6a4108476c1100145430ce,Trihealth Pulmonology,trihealth-pulmonology,45230,Queen City Wild Eggs,warm
6a6a410988caba001ceea41e,Norton Cancer Insitute - Dr Park,norton-cancer-insitute---dr-park,40202,Westport,warm
6a6a410a476c1100145430d5,Deaconess West,deaconess-west,47712,Evansville,warm
6a6a410b856b94000c92e8f8,Allure Medical,allure-medical,47710,Evansville,warm
6a6a410ccd8c15000c108a7b,Christy Paddock Advisors,christy-paddock-advisors,46225,Pulliam,warm
6a6a410e4eef240020758aab,hinkle fieldhouse,hinkle-fieldhouse,46208,Carmel,warm
6a6a410efb05170010b2685b,Gastroenterology Health Partners,gastroenterology-health-partners,40218,Dupont,warm
6a6a410f0842f70014f7b1a0,Indianapolis Gastroenterology,indianapolis-gastroenterology,46237,Greenwood,warm
6a6a4112cfd0170014d790a5,Sheraton Indianapolis City Centre,sheraton-indianapolis-city-centre,46204,Pulliam,warm
6a6a4113f0044c000cfcb445,Westside Gastroenterology,westside-gastroenterology,46122,Avon,warm
6a6a411403ba060014282a8a,Found Village,found-village,45206,Queen City Wild Eggs,warm
6a6a4115856b94000c92e976,Evansville Primary Care,evansville-primary-care,47715,Evansville,warm
6a6a41160b982b00181edb41,Forefront Dermatology - Middletown,forefront-dermatology---middletown,40245,Westport,warm
6a6a4117af2626001498c1ed,First Urology Continence Center attention Rebecca Embury,first-urology-continence-center-attention-rebecca-embury,47130,Mercantile,warm
6a6a411800f4d300205b301c,Indiana neurology and pain,indiana-neurology-and-pain,46250,Carmel,warm
6a6a41184e3280001c74b93c,"Dr Michael Justin, Internal Medicine",dr-michael-justin-internal-medicine,45224,Queen City Wild Eggs,warm
6a6a41191d8fb20014d05910,The Medical Center Home Care Program,the-medical-center-home-care-program,42104,Bowling Green,warm
6a6a411ae24d570010f721cc,ADP,adp,40299,Jtown,warm
6a6a411b476c11001454312f,FLANDERS,flanders,47725,Evansville,warm
6a6a411caf262600104b4c28,The Christ Hosptial Physicians- Primary Care,the-christ-hosptial-physicians--primary-care,45212,Oakley,warm
6a6a411d88caba001ceea4f4,Family Allergy Goss Ave,family-allergy-goss-ave,40217,Mercantile,warm
6a6a411e3d7a0c0018a47118,"DMG - Divisions Maintenance Group ""Foundry Lobby""","dmg---divisions-maintenance-group-""foundry-lobby""",45202,Queen City Wild Eggs,warm
6a6a411e3ddb010020d27b66,GE Appliance Park,ge-appliance-park,40225,Dupont,warm
6a6a411f3577d300186207d1,CABA,caba,40218,Westport,warm
6a6a4120118fb2000c9ed360,Dr. Palakodeti,dr-palakodeti,42103,Bowling Green,warm
6a6a41219b4a55001c266061,"U Of L Primary Care, Dr. Carter",u-of-l-primary-care-dr-carter,40202,Westport,warm
6a6a4122b0834c000c4996b1,Hilton Downtown Indianapolis,hilton-downtown-indianapolis,46204,Pulliam,warm
6a6a4123b0834c000c4996bf,Hilton Indianapolis Downtown,hilton-indianapolis-downtown,46204,Pulliam,warm
6a6a4124fec12d000c896a4b,mastec,mastec,46290,Carmel,warm
6a6a412533b42e00149eda94,Associates of Dermatology,associates-of-dermatology,40217,Westport,warm
6a6a4126f0044c001443b574,Waystar,waystar,40223,Jtown,cold
6a6a4127ae7a0300207538c3,Crossroads,crossroads,45209,Oakley,cold
6a6a4129d71123001420b776,Rosa Parks,rosa-parks,45202,Oakley,cold
6a6a412acb572f00180157b6,"STACK Construction Technologies, Inc.",stack-construction-technologies-inc,45242,Oakley,cold
6a6a412b8faadc001849826a,DKY6 Amazon,dky6-amazon,40213,Dupont,cold
6a6a412ca0eff4000c548fe9,Musillo Unkenholt,musillo-unkenholt,45202,Queen City Wild Eggs,cold
6a6a412dc7b09b001cfd2bf3,Taft Law,taft-law,46204,Pulliam,cold
6a6a412ecd8c15000c108f8f,The Annex Group,the-annex-group,46038,Fishers,cold
6a6a412fc85fa3000ce2396a,Franciscan Oncology,franciscan-oncology,46237,Pulliam,cold
6a6a4130ae7a030017d61871,FPN cancer and hematology,fpn-cancer-and-hematology,46237,Greenwood,cold
6a6a413177f4eb00106cd56e,Louisville Bats,louisville-bats,40202,Mercantile,cold
6a6a413277dfa2000cb823f2,Tri Health Surgery Center West,tri-health-surgery-center-west,45211,Queen City Wild Eggs,cold
6a6a4133c7b09b0014ad3c3d,PPHS SCHWEITZER CENTER AT ENGLEWOOD,pphs-schweitzer-center-at-englewood,46201,Pulliam,cold
6a6a4134d7112300108493d7,Franciscan Alliance,franciscan-alliance,46237,Greenwood,cold
6a6a4135f0044c001443b5b4,Iowa Cubs,iowa-cubs,40202,Mercantile,cold
6a6a4137f6188c00209697f5,LC Rheumatology and Infusion,lc-rheumatology-and-infusion,47150,Jeffersonville,cold
6a6a4138fd1c640010c9e0fd,Nortons Neuroscience Institute,nortons-neuroscience-institute,40207,Dupont,cold
6a6a413967e9a2000c4b86f9,Kueber Center,kueber-center,40209,Mercantile,cold
6a6a413a8faadc0010016ae9,Baptist Cancer Center,baptist-cancer-center,47150,New Albany,cold
6a6a413bf96e5900185c2efc,Indianapolis Motor Speedway,indianapolis-motor-speedway,46222,Avon,cold
6a6a413ccfd0170020ed91be,Local 392 Joint Apprenticeship Training Committee,local-392-joint-apprenticeship-training-committee,45246,Oakley,cold
6a6a413dac483800149f6f2b,University of Louisville School of Dentistry,university-of-louisville-school-of-dentistry,40202,Mercantile,cold
6a6a413d00ae07001749d86a,Crossroads Oakley,crossroads-oakley,45209,Oakley,cold
6a6a413f4e3437001843325e,Indianapolis Colts,indianapolis-colts,46254,Avon,cold
6a6a413fb834fb0014a238de,Adelante Schools,adelante-schools,46203,Pulliam,cold
6a6a4140ac483800149f6f39,Baotist Cancer Center,baotist-cancer-center,40207,Dupont,cold
6a6a41419854980018ef658a,Beech Grove High School,beech-grove-high-school,46107,Greenwood,cold
6a6a4142c98b510020606a79,Gainbridge Fieldhouse (EPSN TV Compound),gainbridge-fieldhouse-(epsn-tv-compound),46204,Pulliam,cold
6a6a4143ae7a030014ed3f14,LINAK U.S.,linak-us,40223,Landis,cold
6a6a41443ddb01000c38cb34,Parker Hannifin,parker-hannifin,47130,Jeffersonville,cold
6a6a4145856b94000c92edfb,Graves Gilbert,graves-gilbert,42103,Bowling Green,cold
6a6a4146e64d5d001a6d75e9,Lynn Family Stadium,lynn-family-stadium,40206,Mercantile,cold
6a6a4146f334dc0020f845b4,WKU Women's Basketball,wku-womens-basketball,42101,Bowling Green,cold
6a6a41471dcc0300183ad13b,UC College of Engineering,uc-college-of-engineering,45236,Oakley,cold
6a6a4148e25d1b0018a34826,The Christ Hospital Joint and Spine Center,the-christ-hospital-joint-and-spine-center,45219,Oakley,cold
6a6a41494e34370010fae545,Indiana Mad Ants Basketball,indiana-mad-ants-basketball,46204,Pulliam,cold
6a6a414a4874a900100a9dd9,Trihealth Ob/Gyn,trihealth-ob-gyn,45236,Oakley,cold
6a6a414be24d570010f7250e,WARE,ware,40218,Mercantile,cold
6a6a414c85097a00202bbc64,OneCause,onecause,46032,Carmel,cold
6a6a414d26823600102efc8e,Hilton Garden Inn Louisville Downtown,hilton-garden-inn-louisville-downtown,40202,Mercantile,cold
6a6a414f280f2b001459138c,Mayfield Surgical Innovation Center,mayfield-surgical-innovation-center,45209,Oakley,cold
6a6a4150b0834c001cff5bc5,Irsay Family YMCA,irsay-family-ymca,46225,Pulliam,cold
6a6a4150b9e6220018d77935,Louisville Water Company,louisville-water-company,40202,New Albany,cold
6a6a4151c7b09b002005b55c,THE MOTZ GROUP,the-motz-group,45244,Oakley,cold
6a6a41528faadc00184982c6,Meeting Spot on Fifth,meeting-spot-on-fifth,45202,Queen City Wild Eggs,cold
6a6a4153a6c806001c79eb89,Candlewood Suites,candlewood-suites,40207,Mercantile,cold
6a6a4154b4c3e200109eab08,HDR INC,hdr-inc,45242,Oakley,cold
6a6a4155280f2b00145913e0,IU Methodist Hospital,iu-methodist-hospital,46202,Pulliam,cold
6a6a41576af2450020fea566,Tri Health,tri-health,45242,Oakley,cold
6a6a4158cfd017000c931dae,Healthtrackrx,healthtrackrx,47129,Jeffersonville,cold
6a6a41591dc37f000c548b7c,Bowling Green Hot Rods,bowling-green-hot-rods,42101,Bowling Green,cold
6a6a415a0b982b00181ef4b4,Norton Pulmonary Associates,norton-pulmonary-associates,40202,Mercantile,cold
6a6a415bb9e6220018d77c13,Franciscan Oncology and Hematology,franciscan-oncology-and-hematology,46237,Greenwood,cold
6a6a415bcb4dd100204caebc,LM Indianapolis Office,lm-indianapolis-office,46240,Carmel,cold
6a6a415c7d32c00014d8f232,Franciscan Physician Network Cancer Center,franciscan-physician-network-cancer-center,46237,Greenwood,cold
6a6a415df1bab600189c0654,St Elizabeth Behavioral Health,st-elizabeth-behavioral-health,41017,Queen City Wild Eggs,cold
6a6a415e88caba002061c657,Crossroads. Oakley,crossroads-oakley,45209,Oakley,cold
6a6a415f7d32c00014d8f262,The Turn Vintage Warehouse,the-turn-vintage-warehouse,41071,Queen City Wild Eggs,cold
6a6a41603ddb01000c38d17e,PNC Center,pnc-center,45202,Queen City Wild Eggs,cold
6a6a4161f0044c001443b9dd,Louisville Pulmonary,louisville-pulmonary,40207,Dupont,cold
6a6a4162c7b09b002005b654,University of Louisville Oncology Department,university-of-louisville-oncology-department,40215,Mercantile,cold
6a6a4163f96e5900185c322c,Forefront Dermatology Downtown,forefront-dermatology-downtown,40202,Mercantile,cold
6a6a41640618ba0018f56176,Truepoint Wealth Counsel,truepoint-wealth-counsel,45242,Oakley,cold
6a6a41654e3437000cc97046,Cincinnati GI Anderson,cincinnati-gi-anderson,45255,Queen City Wild Eggs,cold
6a6a4166fb05170010b26dfe,University of Louisville Dental School,university-of-louisville-dental-school,40202,Mercantile,cold
6a6a41679f6f1500105e3f73,PepsiCo,pepsico,45242,Oakley,cold
6a6a4168ac483800149f711e,Ascension St. Vincent Hospital - Indianapolis,ascension-st-vincent-hospital---indianapolis,46260,Pulliam,cold
6a6a4169ae6283002077790a,HCN1 - Amazon,hcn1---amazon,41048,Queen City Wild Eggs,cold
6a6a416af036c7001405a9b7,Morgan Stanley,morgan-stanley,46240,Carmel,cold
6a6a416af6188c001410caab,Bowling Green Hot Rods Clubhouse,bowling-green-hot-rods-clubhouse,42101,Bowling Green,cold
6a6a416b88caba001ceea78a,Medical Academic Center,medical-academic-center,46032,Carmel,cold
6a6a416cf80a500020c34174,HUB Huran,hub-huran,45236,Oakley,cold
6a6a416d01d9650014d82d28,"Lindner College of Business, UC",lindner-college-of-business-uc,45221,Queen City Wild Eggs,cold
6a6a416e4eef2400207590a3,Baptist Health Louisville Oncology / Hematology,baptist-health-louisville-oncology---hematology,40207,Dupont,cold
6a6a416ff1bab6001028216e,Springhilll Hill Suites Louisville Airport,springhilll-hill-suites-louisville-airport,40209,Mercantile,cold
6a6a416f5214390014a0a98b,Norton Neurosciences,norton-neurosciences,40207,Dupont,cold
6a6a41704eef2400207590c8,Louisville Slugger S,louisville-slugger-s,40202,Mercantile,cold
6a6a4171e64d5d00130962a8,Brown Cancer Centee Terra Crossing Blvd,brown-cancer-centee-terra-crossing-blvd,40245,Landis,cold
6a6a41727d32c00014d8f2f4,Ford Motor Company,ford-motor-company,40213,Mercantile,cold
6a6a4173cfd017000c93208e,Franciscan Health Indianapolis,franciscan-health-indianapolis,46237,Greenwood,cold
6a6a41744eef2400207591c1,Churchill Downs Incoprorated,churchill-downs-incoprorated,40222,Westport,cold
6a6a4174d24bd30020ebec5e,TriHealth Pharmacy Solutions,trihealth-pharmacy-solutions,45212,Oakley,cold
6a6a4175f6188c001410cada,University of Louisville Radiation Oncology clinic,university-of-louisville-radiation-oncology-clinic,40202,Mercantile,cold
6a6a4176fd1c640010c9e3d8,LifeSpring Health Systems-Turning Point,lifespring-health-systems-turning-point,47130,New Albany,cold
6a6a4177ac483800149f719d,U of Louisville - Brown Cancer Center,u-of-louisville---brown-cancer-center,40245,Landis,cold
6a6a41780842f70014f7c246,Asheville Tourists,asheville-tourists,42101,Bowling Green,cold
6a6a4179f1bab600102822e1,Tristate arthritis and rheumatology,tristate-arthritis-and-rheumatology,41017,Queen City Wild Eggs,cold
6a6a417a0842f70014f7c24c,PatientPoint,patientpoint,45236,Oakley,cold
6a6a417bb834fb0018e60ea8,Dr fraser graves gilbert clinic rheumatology,dr-fraser-graves-gilbert-clinic-rheumatology,42101,Bowling Green,cold
6a6a417cb834fb0018e60f7f,"Eureka! Ranch International, Ltd.",eureka!-ranch-international-ltd,45244,Oakley,cold
6a6a417e21ab9b0014bff4ac,OHC Kenwood,ohc-kenwood,45236,Oakley,cold
6a6a417f58a289001871428a,Franciscan Health Infusion Center - Cancer Center,franciscan-health-infusion-center---cancer-center,46237,Greenwood,cold
6a6a417ffb05170010b26e84,Victory Field (Louisville Bats),victory-field-(louisville-bats),46225,Pulliam,cold
6a6a4180fb05170010b26e97,Clark Schaefer,clark-schaefer,45242,Oakley,cold
6a6a4183f80a50001ce35e72,Residence Inn Old Henry,residence-inn-old-henry,40245,Landis,cold
6a6a418405eeaf002094727c,Baptist Cancer Care,baptist-cancer-care,47150,New Albany,cold
6a6a41843522a2001845d183,JWM Neurology Ritter Ave.,jwm-neurology-ritter-ave,46219,Pulliam,cold
6a6a4185cb4dd100204cba63,entrance which is to the LEFT of the FEDEX office is the entrance to the condo,entrance-which-is-to-the-left-of-the-fedex-office-is-the-entrance-to-the-condo,40202,New Albany,cold
6a6a4186b4c3e200109eb025,Graeter's Headquarters,graeters-headquarters,45206,Queen City Wild Eggs,cold
6a6a418725e9fa0020482f2d,Eureka Ranch/Brain Brew Distillery,eureka-ranch-brain-brew-distillery,45244,Oakley,cold
6a6a4188a6c8060020e2990f,Metro Unite Way,metro-unite-way,40202,Mercantile,cold
6a6a4189a6c8060020e29924,SEI,sei,45249,Oakley,cold
6a6a418acb572f001c390a68,LGE BUILDING,lge-building,40223,Landis,cold
6a6a418b05eeaf002094735a,St Elizabeths Pulmonary,st-elizabeths-pulmonary,41017,Queen City Wild Eggs,cold
6a6a418be25c44000c40282f,Graves Gilbert Oncology,graves-gilbert-oncology,42101,Bowling Green,cold
6a6a418c49bd4b000c74f774,University of Cincinnati College of Engineering and Applied Sciences,university-of-cincinnati-college-of-engineering-and-applied-sciences,45219,Queen City Wild Eggs,cold
6a6a418dae6283001cea9d9e,Endocrine and Diabetes Associates,endocrine-and-diabetes-associates,40205,Dupont,cold
6a6a418e39da72000cfd5e5d,Renewal by Andersen,renewal-by-andersen,46074,Carmel,cold
6a6a418fe25c44000c40285a,JWM Neuro Clearvista,jwm-neuro-clearvista,46256,Carmel,cold
6a6a4190f96e5900185c3706,Mercer,mercer,40202,Mercantile,cold
6a6a4190f6188c001410cb76,MAYFIELD EDUCATION RESEARCH FOUNDATION,mayfield-education-research-foundation,45209,Oakley,cold
6a6a41914eef240018d2ee3b,Baptist Health Cancer Center New Albany,baptist-health-cancer-center-new-albany,47150,New Albany,cold
6a6a41920842f70014f7c3b5,Protiviti,protiviti,46204,Pulliam,cold
6a6a4193f1bab600102823ea,Raymond James & Associates,raymond-james-and-associates,40222,Westport,cold
6a6a4194b834fb0018e61379,Procter & Gamble,procter-and-gamble,45217,Oakley,cold
6a6a419552ef2300148aed3b,"Borders & Borders, PLC",borders-and-borders-plc,40207,Dupont,cold
6a6a4195c7b09b001cfd4538,UC Clifton Court Hall,uc-clifton-court-hall,45221,Queen City Wild Eggs,cold
6a6a4196954f37001ce90d0b,Baptist Floyd Orthopedics,baptist-floyd-orthopedics,47150,New Albany,cold
6a6a41979cf499001cec56a1,Baptist Health Hem/Onc,baptist-health-hem-onc,40223,Landis,cold
6a6a4198a6c8060020e299fe,Mayfield Spine Surgery Center,mayfield-spine-surgery-center,45209,Oakley,cold
6a6a419949bd4b000c74f7bf,KCC R&D Center,kcc-randd-center,40067,Jtown,cold
6a6a419a3ddb01000c38dd73,Bethesda North Hospital,bethesda-north-hospital,45242,Oakley,cold
6a6a419b2af0ef00201be9d4,Brown U of L Cancer Center,brown-u-of-l-cancer-center,40215,Mercantile,cold
6a6a419c979d4f0014a2416a,Baptist Health Medical Group Gastroenterology,baptist-health-medical-group-gastroenterology,40207,Dupont,cold
6a6a419cb834fb0018e6160e,CICC (Central Indiana Cancer Center),cicc-(central-indiana-cancer-center),46219,Pulliam,cold
6a6a419ec66de90010dad4fb,Formica Corporation,formica-corporation,45241,Oakley,cold
6a6a419f4e32800018dc19bf,Dr Olash,dr-olash,40207,Dupont,cold
6a6a41a015f429001c422813,Mount St Joseph University,mount-st-joseph-university,45233,Queen City Wild Eggs,cold
6a6a41a2f036c7001405aecf,DHL Express CV3,dhl-express-cv3,41048,Queen City Wild Eggs,cold
6a6a41a35214390014a0ac7d,Xavier Mens Soccer,xavier-mens-soccer,45207,Oakley,cold
6a6a41a49b4a5500100f5c90,Brown cancer center radiation oncology,brown-cancer-center-radiation-oncology,40202,Mercantile,cold
6a6a41a5b4c3e20014775756,Med Center Health - Medical Arts Building -  Neurology,med-center-health---medical-arts-building----neurology,42101,Bowling Green,cold
6a6a41a67d32c00014d8f795,Hendicks Oncology-Danville,hendicks-oncology-danville,46122,Avon,cold
6a6a41a7993d9c0018e36e45,Trane-Training Center,trane-training-center,46038,Fishers,cold
6a6a41a77d32c00014d8f7b5,Baptist Oncology Hematology,baptist-oncology-hematology,40223,Landis,cold
6a6a41a825e9fa0020483a33,Baptist Health Neurology Dr Scott,baptist-health-neurology-dr-scott,40207,Dupont,cold
6a6a41a99854980018ef7622,Livano Springdale,livano-springdale,40241,Westport,cold
6a6a41aa0842f70014f7c686,Lifespring,lifespring,47130,Mercantile,cold
6a6a41abfd1c640010c9ea59,Indianapolis Gastroenterology and hepatology,indianapolis-gastroenterology-and-hepatology,46237,Greenwood,cold
6a6a41acd8718300209b1404,Mels Auto Glass,mels-auto-glass,45241,Oakley,cold
6a6a41adae62830020777a2c,UL Advanced Heart Failure Clinic,ul-advanced-heart-failure-clinic,40202,Mercantile,cold
6a6a41ae5430b10014a38d7f,KSM,ksm,46240,Carmel,cold
6a6a41af3ddb01000c38e2c7,Tri Health Endoscopy,tri-health-endoscopy,45242,Oakley,cold
6a6a41b067b299000c2d9fec,VITAS Healthcare,vitas-healthcare,45202,Queen City Wild Eggs,cold
6a6a4e3bbdd2e4000cbb0af9,Johnson & Johnson Ethicon,johnson-and-johnson-ethicon,45242,Oakley,cold
6a6a4e3c9853c00010602615,EW Scripps,ew-scripps,45202,Queen City Wild Eggs,cold
6a6a4e3ddda27c0010f46822,UC Medical Center Pathology,uc-medical-center-pathology,45219,Queen City Wild Eggs,cold
6a6a4e3ed23c72000c006131,Kresge Circle,kresge-circle,45267,Queen City Wild Eggs,cold
6a6a4e3f0754870017c699e0,Indiana Bone Marrow Transplant,indiana-bone-marrow-transplant,46237,Greenwood,cold
6a6a4e401459930010742023,Franciscan Education Center,franciscan-education-center,46143,Pulliam,cold
6a6a4e41a34e520014d78b90,Charter Senior Living at Hobbs Station,charter-senior-living-at-hobbs-station,46168,Avon,cold
6a6a4e4205eeaf001018a287,Indiana Neurology & Pain Ctr,indiana-neurology-and-pain-ctr,46250,Fishers,cold
6a6a4e43d23c72001c17392e,Telix Pharmaceuticals,telix-pharmaceuticals,46037,Fishers,cold
6a6a4e4400f4d3000c846950,CAI,cai,46204,Pulliam,cold
6a6a4e442d1f2c000c487bdf,B&G Foods,bandg-foods,46037,Fishers,cold
6a6a4e4549e898000c3b2e44,Business Furniture + Co.,business-furniture-+-co,46268,Carmel,cold
6a6a4e4605eeaf001018a290,Dr Eberwine,dr-eberwine,46131,Greenwood,cold
6a6a4e4780a0b60018ea76ba,IU CICC,iu-cicc,46219,Pulliam,cold
6a6a4e48dda27c00205b8bc1,Vericast / Harland Clarke,vericast---harland-clarke,40299,Jtown,cold
6a6a4e49134dd000204037f0,Cincinnati,cincinnati,45202,Queen City Wild Eggs,cold
6a6a4e4ac83b7b001475414b,Dr. Pretorius,dr-pretorius,45242,Oakley,cold
6a6a4e4baf262600104bbbb0,Greater Louisville Association of REALTORS®,greater-louisville-association-of-realtors®,40299,Landis,cold
6a6a4e4c0842f7000cf707e7,Regus Building,regus-building,40223,Westport,cold
6a6a4e4de04d58000cc9ed2b,Med Center Health Hematology and Oncology,med-center-health-hematology-and-oncology,42101,Bowling Green,cold
6a6a4e4dbaa049000c3024d3,Riverview Hospital,riverview-hospital,46060,Fishers,cold
6a6a4e4eee2f07000cea8016,VETERINARY EMERGENCY GROUP,veterinary-emergency-group,45209,Oakley,cold
6a6a4e500b982b00204413fc,Meridian Health Services (Psychiatry Services),meridian-health-services-(psychiatry-services),46237,Pulliam,cold
6a6a4e50e04d580014f63a3c,Advanced Regional Surgery Center,advanced-regional-surgery-center,47129,Mercantile,cold
6a6a4e526a11210014cca5c0,Brown Cancer Center /(Dr Metzinger),brown-cancer-center--(dr-metzinger),40202,Mercantile,cold
6a6a4e53e25c44001c2d6404,Sol Center,sol-center,46202,Pulliam,cold
6a6a4e5367e9a2001c3373b7,St. Elizabeth Spine Center,st-elizabeth-spine-center,41042,Queen City Wild Eggs,cold
6a6a4e54d73566001435253a,Bellarmine University - Knights Hall,bellarmine-university---knights-hall,40205,Dupont,cold
6a6a4e57b1e5bf00141658f7,Courtyard Hotel,courtyard-hotel,46204,Pulliam,cold
6a6a4e582d1f2c000c487d1c,"Lakeview Farms, LLC",lakeview-farms-llc,45249,Oakley,cold
6a6a4e581c24de0014007db4,QSR Automations,qsr-automations,40206,Mercantile,cold
6a6a4e599798c5000c8af6a6,Garda World,garda-world,46201,Pulliam,cold
6a6a4e5bd735660014352605,Barnes Dennig,barnes-dennig,45202,Queen City Wild Eggs,cold
6a6a4e5cba36e2000ce1050d,The Presley Post,the-presley-post,40202,Mercantile,cold
6a6a4e5d00ae0700204bdb9b,Genesys Beyond,genesys-beyond,46032,Carmel,cold
6a6a4e5e0842f700205f4a72,UC Endoscopy Center,uc-endoscopy-center,45242,Oakley,cold
6a6a4e5e9798c5000c8af7df,Baptist Health Primary Care,baptist-health-primary-care,47150,New Albany,cold
6a6a4e5f77f4eb00106d4149,Private residence,private-residence,46062,Fishers,cold
6a6a4e62e04d580010a6aea6,LG&E,lgande,40202,Mercantile,cold
6a6a4e63ac48380014a03576,3DR Labs LLC,3dr-labs-llc,40218,Dupont,cold
6a6a4e64d1c141001801afb8,"The Phia Group, LLC",the-phia-group-llc,40223,Westport,cold
6a6a4e65d55086001c45357b,Tri health OB/GYN wonens health  services,tri-health-ob-gyn-wonens-health--services,45242,Oakley,cold
6a6a4e652cfca9001cff2783,Personal,personal,46143,Greenwood,cold
6a6a4e662cfca9001cff279c,UKG,ukg,46204,Pulliam,cold
6a6a4e675e6777001caa9e1f,Baptist health,baptist-health,40223,Landis,cold
6a6a4e68bf05bb0018c3aed6,kentuckiana Radiotherapy,kentuckiana-radiotherapy,47130,Jeffersonville,cold
6a6a4e6ac85fa3001cb3e968,University of Louisville/Brown Cancer Center,university-of-louisville-brown-cancer-center,40202,Mercantile,cold
6a6a4e6a6c47830020c04a3b,Traders Point Christian Church | Fishers,traders-point-christian-church-|-fishers,46037,Fishers,cold
6a6a4e6bd5508600186e9861,Hyatt Place Bowling Green,hyatt-place-bowling-green,42101,Bowling Green,cold
6a6a4e6ddda27c0010f46baa,GE Aerospace - Erlanger Warehouse,ge-aerospace---erlanger-warehouse,41018,Queen City Wild Eggs,cold
6a6a4e6d67e9a2001c3374d1,UL Primary Care,ul-primary-care,40219,Mercantile,cold
6a6a4e6e2d1f2c0018d0839f,HOI breast center,hoi-breast-center,46260,Carmel,cold
6a6a4e6fa0eff400187a4caf,Community South Pulmonary,community-south-pulmonary,46227,Greenwood,cold
6a6a4e709f6f15000c89dfdc,Bogart's,bogarts,45219,Queen City Wild Eggs,cold
6a6a4e713577d30010963926,Tri Health OB/GYN,tri-health-ob-gyn,45207,Oakley,cold
6a6a4e721d8fb20014d101fd,Stoll Keenon Ogden PLLC,stoll-keenon-ogden-pllc,40202,Mercantile,cold
6a6a4e735e6777001caa9e6f,IU Pulmonology and Allergy,iu-pulmonology-and-allergy,46032,Carmel,cold
6a6a4e74c66de9000c3e5a60,Family Dermatology,family-dermatology,40220,Jtown,cold
6a6a4e752af0ef000c6d6094,Holiday Inn Express & Suites Cincinnati Riverfront,holiday-inn-express-and-suites-cincinnati-riverfront,41011,Queen City Wild Eggs,cold
6a6a4e769f6f15000c89dff0,Allworth Financial,allworth-financial,45242,Oakley,cold
6a6a4e76cdf6c70010aeecea,Riverview Sleep and Respiratory,riverview-sleep-and-respiratory,46060,Fishers,cold
6a6a4e77ac48380014a036d3,Byerly Ford Inc,byerly-ford-inc,40216,New Albany,cold
6a6a4e7977f4eb00106d4233,Med Center Health - Riverside Professional Center,med-center-health---riverside-professional-center,42101,Bowling Green,cold
6a6a4e79cb5709001093fb19,UC Heath,uc-heath,45242,Oakley,cold
6a6a4e7be25c44001c2d64df,UC Endo,uc-endo,45242,Oakley,cold
6a6a4e7c199a2f0014e06db3,Luxeve Media,luxeve-media,46268,Pulliam,cold
6a6a4e7dba36e2001cd218fc,DMG - Divisions Maintenance Group :Foundry Lobby,dmg---divisions-maintenance-group-:foundry-lobby,45202,Queen City Wild Eggs,cold
6a6a4e7e476c110010fc7ddc,Dr. Allred DERMATOLOGY,dr-allred-dermatology,42104,Bowling Green,cold
6a6a4e7fee33090010471ded,Progress Park,progress-park,40218,Dupont,cold
6a6a4e804f036a000c57bee9,Amazon IND4,amazon-ind4,46231,Avon,cold
6a6a4e81af262600104bc7d2,Dr Sinicrope,dr-sinicrope,40241,Westport,cold
6a6a4e82199a2f0014e06dd7,16-Bit Bar + Arcade,16-bit-bar-+-arcade,46204,Pulliam,cold
6a6a4e8303ba06001895c81c,Dr. Forest Kuhn,dr-forest-kuhn,40207,Dupont,cold
6a6a4e84d735660014352866,Community Endocrinology,community-endocrinology,46256,Fishers,cold
6a6a4e85d23c72000c006c80,St. Elizabeth,st-elizabeth,41075,Queen City Wild Eggs,cold
6a6a4e86d23c72000c006caa,Fisher and Paykel Healthcare,fisher-and-paykel-healthcare,40219,Dupont,cold
6a6a4e87b5f6db00106ab01c,Veterinary Specialist Partners,veterinary-specialist-partners,40243,Landis,cold
6a6a4e88cfd017001898f3ca,OnBoard,onboard,46204,Greenwood,cold
6a6a4e891c24de0018462dad,"Hotel Covington, OMS Photo",hotel-covington-oms-photo,41011,Queen City Wild Eggs,cold
6a6a4e89dda27c00205b8f25,TRIMEDX,trimedx,46268,Carmel,cold
6a6a4e8a3577d300186297b4,Grandin Road,grandin-road,45242,Oakley,cold
6a6a4e8b3577d300186297cd,The David K. Karem office building at Waterfront Park,the-david-k-karem-office-building-at-waterfront-park,40202,Mercantile,cold
6a6a4e8c0dd05e0010e75d4f,Matthews Home,matthews-home,46074,Carmel,cold
6a6a4e8d4f036a000c57bf46,Tri-Health Heart Institute - Mariemont,tri-health-heart-institute---mariemont,45227,Oakley,cold
6a6a4e8e25dfc5002052d341,AMEND,amend,45202,Queen City Wild Eggs,cold
6a6a4e90cfd017001898f3f7,Melvin S Gale & Associates,melvin-s-gale-and-associates,45242,Oakley,cold
6a6a4e91f97dcc001cfae231,Louisville Lung Care,louisville-lung-care,40207,Dupont,cold
6a6a4e920dd05e0010e75dd0,Louisville Dermatology,louisville-dermatology,40223,Landis,cold
6a6a4e924f036a000c57bf94,Aetna Better Health of Kentucky,aetna-better-health-of-kentucky,40223,Westport,cold
6a6a4e931d8fb20014d1040b,Corsocare,corsocare,46032,Carmel,cold
6a6a4e9480a0b60018ea784b,Dr Paradowski,dr-paradowski,40202,Mercantile,cold
6a6a4e953577d30010963a99,Dr Nolan,dr-nolan,40220,Dupont,cold
6a6a4e960b982b0020441825,Indianopolis Motor Speedway,indianopolis-motor-speedway,46222,Avon,cold
6a6a4e97ee33090010471edc,Luminaut,luminaut,46204,Pulliam,cold
6a6a4e972cfca9001cff29dd,Traders Point Christian Church Plainfield,traders-point-christian-church-plainfield,46168,Avon,cold
6a6a4e9867e9a2001c3376b8,St Elizabeth  Regional diabetes center,st-elizabeth--regional-diabetes-center,41042,Queen City Wild Eggs,cold
6a6a4e9a1de8fd002033f2bf,Allied Automation,allied-automation,40223,Westport,cold
6a6a4e9afd1c64000c66e13a,Dermatology Associates,dermatology-associates,46240,Carmel,cold
6a6a4e9bc83b7b0014754bd7,Mercer Elementary,mercer-elementary,45244,Oakley,cold
6a6a4e9cae7a03002075bc44,Houchens Insurance Group,houchens-insurance-group,42104,Bowling Green,cold
6a6a4e9dd1c141001005a353,Republic Bank Plaza Sunday Snack Coffee,republic-bank-plaza-sunday-snack-coffee,40202,Mercantile,cold
6a6a4e9e67e9a2001c337ab4,Gap,gap,41018,Queen City Wild Eggs,cold
6a6a4e9fb4c3e200109f650f,Norton Infectious Disease Speciatlists,norton-infectious-disease-speciatlists,40241,Westport,cold
6a6a4ea03577d300186298ea,"Baptist Health - Dr. crone, spanova, lohano -suite 209",baptist-health---dr-crone-spanova-lohano--suite-209,47150,New Albany,cold
6a6a4ea1a0e1ad0020ea6d99,Mercy Health Anderson,mercy-health-anderson,45230,Oakley,cold
6a6a4ea2cdf6c70010aef552,Fifth Third Bank,fifth-third-bank,45202,Queen City Wild Eggs,active
6a6a4ea2b834fb0018e6900d,Franciscan Health Cancer Center,franciscan-health-cancer-center,46237,Greenwood,active
6a6a4ea36af24500147e8c9d,UC Cardiology,uc-cardiology,45219,Queen City Wild Eggs,active
6a6a4ea456f04c0014f9cb40,University of Louisville,university-of-louisville,40202,Mercantile,active
6a6a4ea5a6959000102af049,FPN Oncology and Hematology,fpn-oncology-and-hematology,46237,Greenwood,active
6a6a4ea6ba36e2001cd22184,Neurology,neurology,47630,Evansville,active
6a6a4ea700ae0700204bdf46,Trihealth Thomas Center,trihealth-thomas-center,45242,Oakley,active
6a6a4ea8e04d580010a6b4b8,Greenwood Innovation Center,greenwood-innovation-center,46143,Greenwood,active
6a6a4ea9b0834c000c4a6c06,The Pat McAfee Show,the-pat-mcafee-show,46074,Carmel,active
6a6a4eaae25d1b000c854db5,Knights Hall,knights-hall,40205,Mercantile,active
6a6a4eab954f37001ce98987,Dermatology,dermatology,45230,Queen City Wild Eggs,active
6a6a4eab2cfca9001cff2b06,Forefront Dermatology,forefront-dermatology,40245,Westport,active
6a6a4eac0b982b0020441c5d,Horizon League,horizon-league,46204,Pulliam,active
6a6a4eadd55086001c453691,Kentucky Skin Cancer Center,kentucky-skin-cancer-center,42103,Bowling Green,active
6a6a4eaebdd2e400102a6aad,University Endo Center,university-endo-center,45242,Oakley,active
6a6a4eaf70e8fe0020ba318f,Baptist Health Endocrinology,baptist-health-endocrinology,40220,Westport,active
6a6a4eb0c85fa30014a858ef,Tri Health Gastro,tri-health-gastro,45242,Oakley,active
6a6a4eb1f97dcc001cfae538,Hazel Dell Family Practice,hazel-dell-family-practice,46033,Carmel,active
6a6a4eb26af24500147e8d8e,Bennett & Bloom Eye,bennett-and-bloom-eye,40222,Westport,active
6a6a4eb3bdd2e400102a6ab5,Christ Dr. Perrino Dr Office,christ-dr-perrino-dr-office,45212,Oakley,active
6a6a4eb449bd4b00105f3d75,Franciscan Indiana Blood & Marrow Transplant,franciscan-indiana-blood-and-marrow-transplant,46237,Pulliam,active
6a6a4eb5517f9d0018855e84,The Couch Immediate Mental Health Care,the-couch-immediate-mental-health-care,40222,Westport,active
6a6a4eb63cf72e00206d2255,Tri health Bethesda north Endo,tri-health-bethesda-north-endo,45242,Oakley,active
6a6a4eb6a6959000189043fc,Newburgh Dermatology & Skin Cancer and Laser Surgery Center,newburgh-dermatology-and-skin-cancer-and-laser-surgery-center,47630,Evansville,active
6a6a4eb81dc37f001009ebe5,Endocrinology,endocrinology,40220,Dupont,active
6a6a4eb9af262600104bd884,Baptist Endocrinology,baptist-endocrinology,40220,Dupont,active
6a6a4eba21ab9b000c241cb1,Deaconess Gateway Infusion Center,deaconess-gateway-infusion-center,47630,Evansville,active
6a6a4ebb9798c5002072005d,Fueled Collective,fueled-collective,45209,Oakley,active
6a6a4ebceda8d60018294f3c,BioLife Solutions at Cook,biolife-solutions-at-cook,46202,Pulliam,active
6a6a4ebdba36e2001cd2284b,Axia Noblesville,axia-noblesville,46062,Carmel,active
6a6a4ebea0eff4000c555be2,Miller Care Group,miller-care-group,46254,Pulliam,active
6a6a4ebf2d1f2c0014485263,Hagan Health,hagan-health,40207,Westport,active
6a6a4ec09f6f15000c89e316,Medical Center Health Neurology,medical-center-health-neurology,42101,Bowling Green,active
6a6a4ec1fd1c64000c66eae9,Cincinnati Children's Hospital Medical Center,cincinnati-childrens-hospital-medical-center,45220,Oakley,active
6a6a4ec28b79c80014b1c248,Deaconess  MOB 6 Cancer Services,deaconess--mob-6-cancer-services,47630,Evansville,active
6a6a4ec326125a0014479669,KSM HQ,ksm-hq,46240,Carmel,active
6a6a4ec4f96e590010d143e3,Cancer Center,cancer-center,46060,Carmel,active
6a6a4ec588a845001cb4c0ab,Bengals Offices,bengals-offices,45202,Queen City Wild Eggs,active
6a6a4ec6f97dcc0020cbe2f2,"DMG - Divisions Maintenance Group  ""Foundry Lobby""","dmg---divisions-maintenance-group--""foundry-lobby""",45202,Queen City Wild Eggs,active
6a6a4ec7bf05bb0018c3bd58,Eureka Ranch/Brain Brew-Dexter Distillery,eureka-ranch-brain-brew-dexter-distillery,45244,Oakley,active
6a6a4ec8b9a7b800141445ca,Trihealth Queen City- Western Hills,trihealth-queen-city--western-hills,45211,Queen City Wild Eggs,active
6a6a4ec939da72001445a5fe,Complete In Christ Ministries,complete-in-christ-ministries,46123,Avon,active
6a6a4eca80a0b6001c85fce6,Coke Consolidated,coke-consolidated,45227,Oakley,active
6a6a4ecbe04d580014f64a38,Progress Park Air Stream Campground,progress-park-air-stream-campground,40218,Dupont,active
6a6a4eccba36e2001cd22b37,Westport Road Baptist Church,westport-road-baptist-church,40241,Westport,active
6a6a4ecdd040e50010d47f1e,Dr. Olash,dr-olash,40207,Westport,active
6a6a4ece3d7a0c0014e6774d,Behavioral health group,behavioral-health-group,42101,Bowling Green,active
6a6a4ecfba36e2001cd22b4d,Hematology Oncology of Indiana,hematology-oncology-of-indiana,46060,Fishers,active
6a6a4ed039da72001445a627,Zaahi Studios,zaahi-studios,46218,Pulliam,active
6a6a4ed105eeaf0014685ea4,JWM Neurology East,jwm-neurology-east,46219,Pulliam,active
6a6a4ed12d1f2c0018d08579,Sheraton Indianapolis City Centre Hotel,sheraton-indianapolis-city-centre-hotel,46204,Pulliam,active
6a6a4ed2e24d570014afe26c,CVR / CDK Global,cvr---cdk-global,46240,Carmel,active
6a6a4ed3e24d570014afe27e,Matthew 25 AIDS Services,matthew-25-aids-services,47713,Evansville,active
6a6a4ed421ab9b000c241d02,Proximo meeting at Fueled Collective,proximo-meeting-at-fueled-collective,45209,Oakley,active
6a6a4ed5f14d6e001c361204,Dr. Markert,dr-markert,40217,Westport,active
6a6a4ed6954f37001ce98aee,Forte Orthopedics,forte-orthopedics,46032,Pulliam,active
6a6a4ed7a0eff4000c556103,Mercy Health GME,mercy-health-gme,45230,Oakley,active
6a6a5f6a94347f001cfeec99,Southeast Christian Church,southeast-christian-church,47130,Landis,winback
6a6a5f6b1860eb000c224e57,Baptist Health Floyd Cancer Center,baptist-health-floyd-cancer-center,47150,New Albany,cold
6a6a5f6c88caba002062cc30,IU Health Methodist Hospital - Interventional Radiology Lab,iu-health-methodist-hospital---interventional-radiology-lab,46202,Pulliam,cold
6a6a5f6ddda27c0010f50e18,CYM Living,cym-living,46256,Fishers,cold
6a6a5f6ea246770020beb42d,Courtyard Louisville Downtown,courtyard-louisville-downtown,40202,Mercantile,cold
6a6a5f6f26f057001c27e6d6,Bengals Stadium - Main Offices,bengals-stadium---main-offices,45202,Queen City Wild Eggs,cold
6a6a5f70d711230014228c98,Queen City Physicians University Station Internal Medicine,queen-city-physicians-university-station-internal-medicine,45212,Oakley,cold
6a6a5f712cfca9001066c002,Procter Gamble,procter-gamble,45217,Oakley,cold
6a6a5f72476c110020df57e0,Norton Audubon Cath Lab,norton-audubon-cath-lab,40217,Mercantile,cold
6a6a5f7352ef23001c9eea22,New Albany Dermatology,new-albany-dermatology,47150,New Albany,cold
6a6a5f74384f4000184ac9cf,Fabletics,fabletics,40214,Mercantile,cold
6a6a5f7494372e001047762e,Spring Grove Funeral Home,spring-grove-funeral-home,45232,Queen City Wild Eggs,cold
6a6a5f755ad80e0020adbb07,THE UROLOGY GROUP,the-urology-group,45212,Oakley,cold
6a6a5f76b9e622001c6c0172,Graves Gilbert Derm,graves-gilbert-derm,42103,Bowling Green,cold
6a6a5f7766755200108ef8ec,Medical center health Hematology & Oncology,medical-center-health-hematology-and-oncology,42101,Bowling Green,cold
6a6a5f785ad80e0020adbb26,Gilbert Graves Cancer Center,gilbert-graves-cancer-center,42101,Bowling Green,cold
6a6a5f7985097a000ca879b2,Mona Dermatology,mona-dermatology,45236,Oakley,cold
6a6a5f7ad5508600186fec28,LC Rheumatology and infuaion,lc-rheumatology-and-infuaion,47150,Jeffersonville,cold
6a6a5f7b94347f001cfef815,Lochmueller Group,lochmueller-group,46268,Carmel,cold
6a6a5f7ccb5709000ce4fcd4,Medical hematology oncology,medical-hematology-oncology,42101,Bowling Green,cold
6a6a5f7c65b2c3001c795b6c,Graves Gilbert Urology Department,graves-gilbert-urology-department,42101,Bowling Green,cold
6a6a5f7dc98b51001c4a76d0,Graves Gilbert Clinic  Oncology,graves-gilbert-clinic--oncology,42101,Bowling Green,cold
6a6a5f7ecb5709000ce4fd21,The Christ Hospital,the-christ-hospital,45212,Oakley,cold
6a6a5f7ff97dcc0020ccf4d5,ESPN TV @ La Quinta Hotel,espn-tv-@-la-quinta-hotel,46204,Pulliam,cold
6a6a5f80d71123001c79e5a3,Monfort Heights Family Medicine,monfort-heights-family-medicine,45211,Queen City Wild Eggs,cold
6a6a5f814874a900100bacaa,Baptist Floyd Cancer Center,baptist-floyd-cancer-center,47150,New Albany,cold
6a6a5f825ad80e0020adbb7d,CMTA,cmta,40059,Westport,cold
6a6a5f830b982b0010aa9e2e,Signature Flight Support,signature-flight-support,46241,Avon,cold
6a6a5f83a4b32f00141534eb,Trane,trane,40299,Landis,cold
6a6a5f8447b3f50018328d69,Indiana University Southeast c/o School of Education,indiana-university-southeast-c-o-school-of-education,47150,New Albany,cold
6a6a5f855ce01e0010d711c2,Jwn neuro,jwn-neuro,46256,Carmel,cold
6a6a5f86973f830014560741,Cummins DHL,cummins-dhl,46184,Greenwood,cold
6a6a5f870754870020fda519,Great American Insurance Group,great-american-insurance-group,45202,Queen City Wild Eggs,cold
6a6a5f87f6188c002097e884,Baptist Health Medical Group,baptist-health-medical-group,40299,Landis,cold
6a6a5f88b9a7b8001049d1a4,Derm specialist Of NKY,derm-specialist-of-nky,41017,Queen City Wild Eggs,cold
6a6a5f893d7a0c0014e72013,SafeCare,safecare,46203,Pulliam,cold
6a6a5f8a94372e00104776b7,29th Street Property Management,29th-street-property-management,40202,Mercantile,cold
6a6a5f8c26125a001cb2634b,"Ogletree, Deakins, Nash, Smoak & Stewart, P.C.",ogletree-deakins-nash-smoak-and-stewart-pc,46204,Pulliam,cold
6a6a5f8ccdf6c7000c89c028,University of Cincinnati,university-of-cincinnati,45229,Queen City Wild Eggs,cold
6a6a5f8dcb4dd1000c8355df,"Munson Business Interiors, INC.",munson-business-interiors-inc,40206,Mercantile,cold
6a6a5f8e5441940018945539,IU School of Medicine,iu-school-of-medicine,46202,Pulliam,cold
6a6a5f8f15f4290014b70940,Vision source,vision-source,42103,Bowling Green,cold
6a6a5f9009afd20019776ebb,eureka ranch/dexter brain brew distillery,eureka-ranch-dexter-brain-brew-distillery,45244,Oakley,cold
6a6a5f91cb570900145c2fc2,Cincinnati Music Hall,cincinnati-music-hall,45202,Queen City Wild Eggs,cold
6a6a5f92134dd0001074e0ee,Forte Hosptial,forte-hosptial,46032,Carmel,cold
6a6a5f93cb4dd1000c835964,United Rentals,united-rentals,46216,Pulliam,cold
6a6a5f940754870020fda5ac,"Preload, LLC",preload-llc,40219,Mercantile,cold
6a6a5f95ae7a030010994aa9,New Albany,new-albany,47150,New Albany,cold
6a6a5f96993d9c001087b5d4,Hendricks Oncology Danville,hendricks-oncology-danville,46122,Avon,cold
6a6a5f96f97dcc0018798a0a,St. Elizabeth Family Medicine,st-elizabeth-family-medicine,41017,Queen City Wild Eggs,cold
6a6a5f97e1a7f400202c9374,Dr. Vanina,dr-vanina,47150,New Albany,cold
6a6a5f98dda27c0010f51c0e,Kolar Design,kolar-design,45202,Queen City Wild Eggs,cold
6a6a5f99993d9c001087b5de,Mercy Pulmonology,mercy-pulmonology,45211,Queen City Wild Eggs,cold
6a6a5f9a2aafe6001853d821,Louisville Paving and Construction,louisville-paving-and-construction,40245,Landis,cold
6a6a5f9b85097a000ca87e0e,KCC Manufacturing,kcc-manufacturing,40299,Jtown,cold
6a6a5f9c30da35000c9a9360,Monfort Heights Family Practice,monfort-heights-family-practice,45211,Queen City Wild Eggs,cold
6a6a5f9c21ab9b000c250312,Schaefer,schaefer,45202,Queen City Wild Eggs,cold
6a6a5f9d5658bd00143a17d1,All In Pediatrics,all-in-pediatrics,47150,New Albany,cold
6a6a5f9ef97dcc0018798aa6,Humana,humana,40202,Mercantile,cold
6a6a5f9f1de8fd0020354a8f,Indiana Donor Network,indiana-donor-network,46222,Pulliam,cold
6a6a5fa0d87183001ccd0036,The Medical Center at Bowling Green Oncology,the-medical-center-at-bowling-green-oncology,42101,Bowling Green,cold
6a6a5fa1973f83001456078c,University of Cincinnati Endoscopy,university-of-cincinnati-endoscopy,45242,Oakley,cold
6a6a5fa2ca441600147ff689,Walker Mechanical,walker-mechanical,40218,Dupont,cold
6a6a5fa22af0ef001039face,Womens health specialist,womens-health-specialist,42101,Bowling Green,cold
6a6a5fa4fe51cb0018305fb4,Child Focus,child-focus,45244,Oakley,cold
6a6a5fa494372e0010477721,University of Louisville Kosair Clinical and Translational Research Building,university-of-louisville-kosair-clinical-and-translational-research-building,40202,Mercantile,cold
6a6a5fa552ef23000c7e2fd4,Community Family Physicians,community-family-physicians,46219,Pulliam,cold
6a6a5fa65ce01e001cd998ce,St Elizabeth Physicians Primary Care,st-elizabeth-physicians-primary-care,41048,Queen City Wild Eggs,cold
6a6a5fa7199a2f001070d6e7,Innovative Hematology,innovative-hematology,46260,Carmel,cold
6a6a5fa885097a000ca883fc,Med Center Health-Dr. Jamie Jarboe,med-center-health-dr-jamie-jarboe,42101,Bowling Green,cold
6a6a5fa821ab9b000c250386,the urology group,the-urology-group,45211,Queen City Wild Eggs,cold
6a6a5fa97b114b001cd059c3,"Baptist medical associates- Floyd’s knobs - Dr Johnson, upton ect",baptist-medical-associates--floyd’s-knobs---dr-johnson-upton-ect,47119,New Albany,cold
6a6a5faafd1c640020d03198,St. Elizabeth Conference Center,st-elizabeth-conference-center,41018,Queen City Wild Eggs,cold
6a6a5fabd1c1410014643a36,DHL Express (CV3),dhl-express-(cv3),41048,Queen City Wild Eggs,cold
6a6a5facc98b510010148d44,Plasmidsaurus,plasmidsaurus,40213,Dupont,cold
6a6a5fad134dd0001074e271,Duke Energy,duke-energy,45202,Queen City Wild Eggs,cold
6a6a5fad94372e0014b1aaa4,Hillvue Heights Church,hillvue-heights-church,42101,Bowling Green,cold
6a6a5faef1bab60014df5840,913 The Turn,913-the-turn,41071,Queen City Wild Eggs,cold
6a6a5faf88536f001420a198,MQJ5,mqj5,46168,Avon,cold
6a6a5fb077f4eb001c56af64,Interact for Health,interact-for-health,45236,Oakley,cold
6a6a5fb185097a000ca8842d,Eureka Ranch/Dexter Distillery,eureka-ranch-dexter-distillery,45244,Oakley,cold
6a6a5fb100f4d30014ea9989,Lovers Lane KinderCare,lovers-lane-kindercare,42103,Bowling Green,cold
6a6a5fb200ae0700174b8446,CoBank,cobank,40245,Landis,cold
6a6a5fb349bd4b001caf8826,Endocrinology 2nd floor - Dr Chaudhari,endocrinology-2nd-floor---dr-chaudhari,42101,Bowling Green,cold
6a6a5fb449bd4b001caf8829,Milhaus,milhaus,46204,Pulliam,cold
6a6a5fb588caba002062d9d7,E.W. Scripps,ew-scripps,45202,Queen City Wild Eggs,cold
6a6a5fb600ae0700174b8471,TriHealth Queen City Physicians - Hyde Park,trihealth-queen-city-physicians---hyde-park,45208,Oakley,cold
6a6a5fb7e04d58001875b795,TPCC Fishers - Production,tpcc-fishers---production,46037,Fishers,cold
6a6a5fb888536f001420a200,Oswald Companies,oswald-companies,45202,Queen City Wild Eggs,cold
6a6a5fb9d62f050018ae6167,ICHINEN USA Corporation,ichinen-usa-corporation,46203,Pulliam,cold
6a6a5fb9fec12d0014fcaa07,University of Cincinnati Athletics,university-of-cincinnati-athletics,45221,Queen City Wild Eggs,cold
6a6a5fba5ce01e001cd99bfe,"radiation oncology, cancer center. medical center",radiation-oncology-cancer-center-medical-center,42101,Bowling Green,cold
6a6a5fbc973f83001cb525ad,IHEART MEDIA,iheart-media,40202,Mercantile,cold
6a6a5fbd2af0ef001039fb21,The Dermatology ctr,the-dermatology-ctr,47150,New Albany,cold
6a6a5fbe1de8fd000c4ac2f5,JQOL,jqol,46250,Fishers,cold
6a6a5fbffb05170018f24180,New City Presbyterian Church,new-city-presbyterian-church,45212,Oakley,cold
6a6a5fc04f036a001c5ec63c,Riverhills Neurology,riverhills-neurology,41017,Queen City Wild Eggs,cold
