org_name,vertical,employees,city,contact,title,email
Team Expansion,8131,,,Jen Mishler,Admin,jmishler@teamexpansion.org
Life In Abundance International,8131,,,Emily Wong,Partnership Engagement and Operations Director,emily@lifeinabundance.org
Christ the King Church,8131,,,Pam Gruesser,Office Manager,gruesser_p@olctk.org
Hope for Haiti's Children,8131,,,Dee Burleson,Administrative Assistant,dee@hopeforhaitischildren.org
Sisters of Notre Dame de Namur Ohio Province,8131,,,Holly Schlaack,Director of Volunteer Engagement,hschlaack@ohsnd.org
Bloc Ministries Inc,8131,,,Jennifer Howard,Human Resources Director,jennifer.howard@onebloc.org
Crossings Ministries,8131,,,Megan Popplewell,Guest Relations and Event Planning,megan.popplewell@gocrossings.org
Medilink International,62,,,Linda Zine,"Operations Manager, Clinic Manager",lzine@medilinkint.com
"AffirmedRx, a Public Benefit Corporation",62,,,Colton Smith,Human Resources Generalist,colton.smith@affirmedrx.com
