org_name,signal,employees,city,contact,title,email
KellyMitchell Group,hiring-5plus-30d,,,Alfredo Rodriguez,Sr. Talent Acquisition / Sr. Technical Recruiter,alfredo.rodriguez@kellymitchell.com
ACC Recruiters,hiring-5plus-30d,,,Mark Ryan,Recruiting Director,mryan@careeradvancers.com
PEG Staffing & Recruiting,hiring-5plus-30d,,,Dinesh Kumar,Senior Recruiter,dkumar@pegstaff.com
Clever Real Estate,hiring-5plus-30d,,,Krista Gapen,Talent Acquisition Manager,krista.gapen@listwithclever.com
iBridge Solutions,hiring-5plus-30d,,,Josh Young,Senior Technical Recruiter,jyoung@ibridgesolutions.com
DOOR,hiring-5plus-30d,,,Dan Deleanu,Human Resources Manager,daniel@latch.com
ARCO a Family of Construction Companies,hiring-5plus-30d,,,Katelyn Long,Talent Acquisition Manager,klong@arco1.com
Inclusively,hiring-5plus-30d,,,Kiley Meringer,Data Analytics and Marketing Intern,kiley.meringer@inclusively.com
ARCO National Construction Company,hiring-5plus-30d,,,Scott Brown,Operations Manager,sbrown@arco1.com
