url,final_url,status_code,load_time_ms,title,meta_description,canonical,h1_count,h1_text,word_count,images_total,images_with_alt,internal_links_count,jsonld_count,jsonld_types,og_title,og_description,og_image,ga4_sessions,ga4_engagement_rate,ga4_bounce_rate
https://crazybowlsandwraps.com/salads/santa-fe-salad/,https://crazybowlsandwraps.com/salads/santa-fe-salad/,200,170,Santa Fe Salad – Crazy Bowls and Wraps,,https://crazybowlsandwraps.com/salads/santa-fe-salad/,1,Santa Fe Salad,32,2,2,3,0,,,,,,,
https://crazybowlsandwraps.com/catering/,https://crazybowlsandwraps.com/catering/,200,237,Catering – Crazy Bowls and Wraps,,https://crazybowlsandwraps.com/catering/,0,,189,2,2,7,0,,,,,1105,0.5936,0.4064
https://crazybowlsandwraps.com/loyalty/,https://crazybowlsandwraps.com/loyalty/,200,156,Loyalty – Crazy Bowls and Wraps,,https://crazybowlsandwraps.com/loyalty/,0,,74,2,2,4,0,,,,,257,0.5759,0.4241
https://crazybowlsandwraps.com/Hours/lunch-dinner-monday-saturday-1030am-9pm/,https://crazybowlsandwraps.com/Hours/lunch-dinner-monday-saturday-1030am-9pm/,200,210,Lunch & Dinner Monday-Saturday 10:30am-9pm – Crazy Bowls and Wraps,,,1,Hour:Lunch & Dinner Monday-Saturday 10:30am-9pm,23,1,1,3,0,,,,,,,
https://crazybowlsandwraps.com/bowl_categories/vegan/,https://crazybowlsandwraps.com/bowl_categories/vegan/,200,296,Vegan – Crazy Bowls and Wraps,,,1,Bowl Category:Vegan,112,5,5,7,0,,,,,,,
https://crazybowlsandwraps.com/breakfast/breakfast-wrap/,https://crazybowlsandwraps.com/breakfast/breakfast-wrap/,200,110,Breakfast Wrap – Crazy Bowls and Wraps,,https://crazybowlsandwraps.com/breakfast/breakfast-wrap/,1,Breakfast Wrap,32,2,1,3,0,,,,,,,
https://crazybowlsandwraps.com/starters/crispy-chicken-bites/,https://crazybowlsandwraps.com/starters/crispy-chicken-bites/,200,196,Crispy Chicken Bites  – Crazy Bowls and Wraps,,https://crazybowlsandwraps.com/starters/crispy-chicken-bites/,1,Crispy Chicken Bites,25,2,1,3,0,,,,,,,
https://crazybowlsandwraps.com/sides/queso/,https://crazybowlsandwraps.com/sides/queso/,200,227,Queso – Crazy Bowls and Wraps,,https://crazybowlsandwraps.com/sides/queso/,1,Queso,14,2,1,3,0,,,,,,,
https://crazybowlsandwraps.com/bowls/bbq-bowl/,https://crazybowlsandwraps.com/bowls/bbq-bowl/,200,231,BBQ Bowl – Crazy Bowls and Wraps,,https://crazybowlsandwraps.com/bowls/bbq-bowl/,1,BBQ Bowl,22,2,2,3,0,,,,,,,
https://crazybowlsandwraps.com/bowls/thai-bowl-7-35-8-55/,https://crazybowlsandwraps.com/bowls/thai-bowl-7-35-8-55/,200,197,Thai Bowl – Crazy Bowls and Wraps,,https://crazybowlsandwraps.com/bowls/thai-bowl-7-35-8-55/,1,Thai Bowl,30,2,2,3,0,,,,,,,
https://crazybowlsandwraps.com/starters/tostada/,https://crazybowlsandwraps.com/starters/tostada/,200,169,Tostada – Crazy Bowls and Wraps,,https://crazybowlsandwraps.com/starters/tostada/,1,Tostada,50,2,2,3,0,,,,,,,
https://crazybowlsandwraps.com/form-confirmation/,https://crazybowlsandwraps.com/form-confirmation/,200,328,Form Sent – Crazy Bowls and Wraps,,https://crazybowlsandwraps.com/form-confirmation/,1,Form Sent,53,1,1,4,0,,,,,,,
https://crazybowlsandwraps.com/breakfast/huevos-rancheros/,https://crazybowlsandwraps.com/breakfast/huevos-rancheros/,200,101,Huevos Rancheros  – Crazy Bowls and Wraps,,https://crazybowlsandwraps.com/breakfast/huevos-rancheros/,1,Huevos Rancheros,45,2,1,3,0,,,,,,,
https://crazybowlsandwraps.com/louisville_starters/cheese-quesadilla/,https://crazybowlsandwraps.com/louisville_starters/cheese-quesadilla/,200,288,Cheese Quesadilla  – Crazy Bowls and Wraps,,https://crazybowlsandwraps.com/louisville_starters/cheese-quesadilla/,1,Cheese Quesadilla,25,2,1,3,0,,,,,,,
https://crazybowlsandwraps.com/sides/beans-rice/,https://crazybowlsandwraps.com/sides/beans-rice/,200,360,Beans & Rice – Crazy Bowls and Wraps,,https://crazybowlsandwraps.com/sides/beans-rice/,1,Beans & Rice,18,2,2,3,0,,,,,,,
https://crazybowlsandwraps.com/bowls/sweet-sour-bowl-7-90-9-15/,https://crazybowlsandwraps.com/bowls/sweet-sour-bowl-7-90-9-15/,200,267,Sweet & Sour Bowl – Crazy Bowls and Wraps,,https://crazybowlsandwraps.com/bowls/sweet-sour-bowl-7-90-9-15/,1,Sweet & Sour Bowl,35,2,1,3,0,,,,,,,
https://crazybowlsandwraps.com/breakfast/banana-chocolate-chip-bowl/,https://crazybowlsandwraps.com/breakfast/banana-chocolate-chip-bowl/,200,422,Banana Chocolate Chip Bowl  – Crazy Bowls and Wraps,,https://crazybowlsandwraps.com/breakfast/banana-chocolate-chip-bowl/,1,Banana Chocolate Chip Bowl,32,2,1,3,0,,,,,,,
https://crazybowlsandwraps.com/bowl_categories/popular/,https://crazybowlsandwraps.com/bowl_categories/popular/,200,628,Popular – Crazy Bowls and Wraps,,,1,Bowl Category:Popular,219,9,9,11,0,,,,,,,
https://crazybowlsandwraps.com/privacy-policy/,https://crazybowlsandwraps.com/privacy-policy/,200,529,Privacy Policy – Crazy Bowls and Wraps,,https://crazybowlsandwraps.com/privacy-policy/,1,Privacy Policy,1024,1,1,4,0,,,,,,,
https://crazybowlsandwraps.com/lto-menu-items/hot-spicy-bowl/,https://crazybowlsandwraps.com/lto-menu-items/hot-spicy-bowl/,200,540,HOT & SPICY BOWL – Crazy Bowls and Wraps,,https://crazybowlsandwraps.com/lto-menu-items/hot-spicy-bowl/,1,HOT & SPICY BOWL,29,1,1,3,0,,,,,,,
https://crazybowlsandwraps.com/wraps/jerk-wrap/,https://crazybowlsandwraps.com/wraps/jerk-wrap/,200,375,Jerk Wrap – Crazy Bowls and Wraps,,https://crazybowlsandwraps.com/wraps/jerk-wrap/,1,Jerk Wrap,29,2,1,3,0,,,,,,,
https://crazybowlsandwraps.com/dessert/crazy-crispy-treat-chocolate/,https://crazybowlsandwraps.com/dessert/crazy-crispy-treat-chocolate/,200,213,Crazy Crispy Treat – Chocolate – Crazy Bowls and Wraps,,https://crazybowlsandwraps.com/dessert/crazy-crispy-treat-chocolate/,1,Crazy Crispy Treat – Chocolate,22,2,1,3,0,,,,,,,
https://crazybowlsandwraps.com/breakfast/veggie-scrambler/,https://crazybowlsandwraps.com/breakfast/veggie-scrambler/,200,93,Veggie Scrambler  – Crazy Bowls and Wraps,,https://crazybowlsandwraps.com/breakfast/veggie-scrambler/,1,Veggie Scrambler,60,2,1,3,0,,,,,,,
https://crazybowlsandwraps.com/events/family-night/,https://crazybowlsandwraps.com/events/family-night/,200,190,Family Night – Crazy Bowls and Wraps,,https://crazybowlsandwraps.com/events/family-night/,1,Family Night,117,3,3,3,0,,,,,,,
https://crazybowlsandwraps.com/bowls/mediterranean-bowl/,https://crazybowlsandwraps.com/bowls/mediterranean-bowl/,200,306,Mediterranean Bowl – Crazy Bowls and Wraps,,https://crazybowlsandwraps.com/bowls/mediterranean-bowl/,1,Mediterranean Bowl,38,2,1,3,0,,,,,179,0.3073,0.6927
https://crazybowlsandwraps.com/breakfast/mixed-berry-bowl/,https://crazybowlsandwraps.com/breakfast/mixed-berry-bowl/,200,197,Mixed Berry Bowl  – Crazy Bowls and Wraps,,https://crazybowlsandwraps.com/breakfast/mixed-berry-bowl/,1,Mixed Berry Bowl,30,2,1,3,0,,,,,,,
https://crazybowlsandwraps.com/kids_menu/cheese-quesadilla/,https://crazybowlsandwraps.com/kids_menu/cheese-quesadilla/,200,405,Cheese Quesadilla – Crazy Bowls and Wraps,,https://crazybowlsandwraps.com/kids_menu/cheese-quesadilla/,1,Cheese Quesadilla,24,2,1,3,0,,,,,,,
https://crazybowlsandwraps.com/bowls/high-protein-bowl-grain-free-9-50/,https://crazybowlsandwraps.com/bowls/high-protein-bowl-grain-free-9-50/,200,303,High-Protein Bowl – Crazy Bowls and Wraps,,https://crazybowlsandwraps.com/bowls/high-protein-bowl-grain-free-9-50/,1,High-Protein Bowl,46,2,2,3,0,,,,,104,0.6058,0.3942
https://crazybowlsandwraps.com/louisville_starters/chicken-tex-mex-egg-roll/,https://crazybowlsandwraps.com/louisville_starters/chicken-tex-mex-egg-roll/,200,487,Chicken Tex Mex Egg Roll  – Crazy Bowls and Wraps,,https://crazybowlsandwraps.com/louisville_starters/chicken-tex-mex-egg-roll/,1,Chicken Tex Mex Egg Roll,34,2,1,3,0,,,,,,,
https://crazybowlsandwraps.com/allergen-menu/,https://crazybowlsandwraps.com/allergen-menu/,200,368,Allergen Menu – Crazy Bowls and Wraps,,https://crazybowlsandwraps.com/allergen-menu/,0,,50,2,2,4,0,,,,,99,0.9394,0.0606
https://crazybowlsandwraps.com/cbw_menu_categories/kid-favorite/,https://crazybowlsandwraps.com/cbw_menu_categories/kid-favorite/,200,316,Kid Favorite! – Crazy Bowls and Wraps,,,1,CBW Menu Category:Kid Favorite!,19,1,1,3,0,,,,,,,
https://crazybowlsandwraps.com/salad_categories/popular/,https://crazybowlsandwraps.com/salad_categories/popular/,200,397,Popular – Crazy Bowls and Wraps,,,1,Salad Category:Popular,74,4,4,6,0,,,,,,,
https://crazybowlsandwraps.com/choose-your-location/,https://crazybowlsandwraps.com/choose-your-location/,200,181,Choose Your Location – Crazy Bowls and Wraps,,https://crazybowlsandwraps.com/choose-your-location/,2,Choose Your Location | CHOOSE YOUR LOCATION,44,3,3,4,0,,,,,1060,0.9208,0.0792
https://crazybowlsandwraps.com/kids_menu/kids-teriyaki-chicken-wrap/,https://crazybowlsandwraps.com/kids_menu/kids-teriyaki-chicken-wrap/,200,198,Kids’ Teriyaki Chicken Wrap – Crazy Bowls and Wraps,,https://crazybowlsandwraps.com/kids_menu/kids-teriyaki-chicken-wrap/,1,Kids’ Teriyaki Chicken Wrap,31,2,2,3,0,,,,,,,
https://crazybowlsandwraps.com/bowls/power-bowl-7-55-8-80/,https://crazybowlsandwraps.com/bowls/power-bowl-7-55-8-80/,200,206,Power Bowl – Crazy Bowls and Wraps,,https://crazybowlsandwraps.com/bowls/power-bowl-7-55-8-80/,1,Power Bowl,30,2,1,3,0,,,,,,,
https://crazybowlsandwraps.com/gift-cards/,https://crazybowlsandwraps.com/gift-cards/,200,201,Gift Cards – Crazy Bowls and Wraps,,https://crazybowlsandwraps.com/gift-cards/,1,Gift Cards,191,3,3,4,0,,,,,,,
https://crazybowlsandwraps.com/louisville_starters/beans-rice/,https://crazybowlsandwraps.com/louisville_starters/beans-rice/,200,394,Beans & Rice – Crazy Bowls and Wraps,,https://crazybowlsandwraps.com/louisville_starters/beans-rice/,1,Beans & Rice,34,2,2,3,0,,,,,,,
https://crazybowlsandwraps.com/sides/banana/,https://crazybowlsandwraps.com/sides/banana/,200,208,Banana – Crazy Bowls and Wraps,,https://crazybowlsandwraps.com/sides/banana/,1,Banana,14,2,1,3,0,,,,,,,
https://crazybowlsandwraps.com/breakfast/banana/,https://crazybowlsandwraps.com/breakfast/banana/,200,86,Banana  – Crazy Bowls and Wraps,,https://crazybowlsandwraps.com/breakfast/banana/,1,Banana,14,2,1,3,0,,,,,,,
https://crazybowlsandwraps.com/delivery/,https://crazybowlsandwraps.com/delivery/,200,382,Delivery – Crazy Bowls and Wraps,,https://crazybowlsandwraps.com/delivery/,0,,50,3,3,4,0,,,,,209,0.3110,0.6890
https://crazybowlsandwraps.com/salad_categories/vegetarian/,https://crazybowlsandwraps.com/salad_categories/vegetarian/,200,164,Vegetarian – Crazy Bowls and Wraps,,,1,Salad Category:Vegetarian,74,4,4,6,0,,,,,,,
https://crazybowlsandwraps.com/wraps/caesar-wrap/,https://crazybowlsandwraps.com/wraps/caesar-wrap/,200,236,Caesar Wrap – Crazy Bowls and Wraps,,https://crazybowlsandwraps.com/wraps/caesar-wrap/,1,Caesar Wrap,26,2,1,3,0,,,,,173,0.4046,0.5954
https://crazybowlsandwraps.com/bowls/poke-bowl-10-25/,https://crazybowlsandwraps.com/bowls/poke-bowl-10-25/,200,150,Poke Bowl – Crazy Bowls and Wraps,,https://crazybowlsandwraps.com/bowls/poke-bowl-10-25/,1,Poke Bowl,54,2,2,3,0,,,,,,,
https://crazybowlsandwraps.com/starters/gluten-free-falafel/,https://crazybowlsandwraps.com/starters/gluten-free-falafel/,200,189,Gluten Free Falafel – Crazy Bowls and Wraps,,https://crazybowlsandwraps.com/starters/gluten-free-falafel/,1,Gluten Free Falafel,31,2,1,3,0,,,,,,,
https://crazybowlsandwraps.com/wrap_categories/popular/,https://crazybowlsandwraps.com/wrap_categories/popular/,200,139,Popular – Crazy Bowls and Wraps,,,1,Wrap Category:Popular,109,7,1,9,0,,,,,,,
https://crazybowlsandwraps.com/breakfast/breakfast-crunch/,https://crazybowlsandwraps.com/breakfast/breakfast-crunch/,200,112,Breakfast Crunch – Crazy Bowls and Wraps,,https://crazybowlsandwraps.com/breakfast/breakfast-crunch/,1,Breakfast Crunch,32,2,1,3,0,,,,,,,
https://crazybowlsandwraps.com/dessert/crazy-crispy-treat-original/,https://crazybowlsandwraps.com/dessert/crazy-crispy-treat-original/,200,145,Crazy Crispy Treat – Original – Crazy Bowls and Wraps,,https://crazybowlsandwraps.com/dessert/crazy-crispy-treat-original/,1,Crazy Crispy Treat – Original,22,2,1,3,0,,,,,,,
https://crazybowlsandwraps.com/p/,https://crazybowlsandwraps.com/p/,200,191,Paytronix – Crazy Bowls and Wraps,,https://crazybowlsandwraps.com/p/,0,,63,1,1,3,0,,,,,,,
https://crazybowlsandwraps.com/,https://crazybowlsandwraps.com/,200,172,Crazy Bowls and Wraps – Fresh Food Fast,,https://crazybowlsandwraps.com/,1,CHOOSE YOUR LOCATION,118,8,7,5,0,,,,,166277,0.6576,0.3424
https://crazybowlsandwraps.com/breakfast/breakfast-bowl/,https://crazybowlsandwraps.com/breakfast/breakfast-bowl/,200,189,Breakfast Bowl – Crazy Bowls and Wraps,,https://crazybowlsandwraps.com/breakfast/breakfast-bowl/,1,Breakfast Bowl,35,2,1,3,0,,,,,,,
https://crazybowlsandwraps.com/starters/black-bean-egg-roll/,https://crazybowlsandwraps.com/starters/black-bean-egg-roll/,200,199,Black Bean Egg Roll – Crazy Bowls and Wraps,,https://crazybowlsandwraps.com/starters/black-bean-egg-roll/,1,Black Bean Egg Roll,32,2,1,3,0,,,,,,,
https://crazybowlsandwraps.com/starters/teriyaki-edamame/,https://crazybowlsandwraps.com/starters/teriyaki-edamame/,200,205,Teriyaki Edamame  – Crazy Bowls and Wraps,,https://crazybowlsandwraps.com/starters/teriyaki-edamame/,1,Teriyaki Edamame,28,2,1,3,0,,,,,,,
https://crazybowlsandwraps.com/sides/chips/,https://crazybowlsandwraps.com/sides/chips/,200,207,Chips – Crazy Bowls and Wraps,,https://crazybowlsandwraps.com/sides/chips/,1,Chips,14,2,1,3,0,,,,,,,
https://crazybowlsandwraps.com/Hours/breakfast-sunday-8am-1100am/,https://crazybowlsandwraps.com/Hours/breakfast-sunday-8am-1100am/,200,356,Breakfast Sunday 8am – 11:00am – Crazy Bowls and Wraps,,,1,Hour:Breakfast Sunday 8am - 11:00am,23,1,1,3,0,,,,,,,
https://crazybowlsandwraps.com/cbw_menu_categories/bowls/,https://crazybowlsandwraps.com/cbw_menu_categories/bowls/,200,209,Bowls – Crazy Bowls and Wraps,,,1,CBW Menu Category:Bowls,17,1,1,3,0,,,,,,,
https://crazybowlsandwraps.com/starters/spicy-edamame/,https://crazybowlsandwraps.com/starters/spicy-edamame/,200,161,Spicy Edamame  – Crazy Bowls and Wraps,,https://crazybowlsandwraps.com/starters/spicy-edamame/,1,Spicy Edamame,28,2,1,3,0,,,,,,,
https://crazybowlsandwraps.com/starters/lobster-rangoon/,https://crazybowlsandwraps.com/starters/lobster-rangoon/,200,247,Lobster Rangoon – Crazy Bowls and Wraps,,https://crazybowlsandwraps.com/starters/lobster-rangoon/,1,Lobster Rangoon,27,2,1,3,0,,,,,,,
https://crazybowlsandwraps.com/starters/chips-queso/,https://crazybowlsandwraps.com/starters/chips-queso/,200,210,Chips & Queso  – Crazy Bowls and Wraps,,https://crazybowlsandwraps.com/starters/chips-queso/,1,Chips & Queso,23,2,2,3,0,,,,,,,
https://crazybowlsandwraps.com/bowl_categories/low-carb/,https://crazybowlsandwraps.com/bowl_categories/low-carb/,200,202,Low-Carb – Crazy Bowls and Wraps,,,1,Bowl Category:Low-Carb,103,4,4,6,0,,,,,,,
https://crazybowlsandwraps.com/author/priceweber/,https://crazybowlsandwraps.com/author/priceweber/,200,302,Price Weber – Crazy Bowls and Wraps,,,1,Author:Price Weber,17,1,1,3,0,,,,,,,
https://crazybowlsandwraps.com/wraps/thai-wrap/,https://crazybowlsandwraps.com/wraps/thai-wrap/,200,178,Thai Wrap – Crazy Bowls and Wraps,,https://crazybowlsandwraps.com/wraps/thai-wrap/,1,Thai Wrap,30,2,1,3,0,,,,,,,
https://crazybowlsandwraps.com/breakfast/breakfast-tacos/,https://crazybowlsandwraps.com/breakfast/breakfast-tacos/,200,84,Breakfast Tacos – Crazy Bowls and Wraps,,https://crazybowlsandwraps.com/breakfast/breakfast-tacos/,1,Breakfast Tacos,26,2,1,3,0,,,,,,,
https://crazybowlsandwraps.com/starters/garlic-ginger-edamame/,https://crazybowlsandwraps.com/starters/garlic-ginger-edamame/,200,233,Garlic Ginger Edamame  – Crazy Bowls and Wraps,,https://crazybowlsandwraps.com/starters/garlic-ginger-edamame/,1,Garlic Ginger Edamame,31,2,1,3,0,,,,,,,
https://crazybowlsandwraps.com/author/kelsey/,https://crazybowlsandwraps.com/author/kelsey/,200,204,Kelsey – Crazy Bowls and Wraps,,,1,Author:Kelsey,15,1,1,3,0,,,,,,,
https://crazybowlsandwraps.com/salads/multigrain-quinoa-salad/,https://crazybowlsandwraps.com/salads/multigrain-quinoa-salad/,200,231,Multigrain Quinoa Salad – Crazy Bowls and Wraps,,https://crazybowlsandwraps.com/salads/multigrain-quinoa-salad/,1,Multigrain Quinoa Salad,36,2,2,3,0,,,,,,,
https://crazybowlsandwraps.com/bowl_categories/gluten-free/,https://crazybowlsandwraps.com/bowl_categories/gluten-free/,200,333,Gluten-Free – Crazy Bowls and Wraps,,,1,Bowl Category:Gluten-Free,95,4,4,6,0,,,,,143,0.7832,0.2168
https://crazybowlsandwraps.com/ovations/,https://crazybowlsandwraps.com/ovations/,200,357,Ovation – Crazy Bowls and Wraps,,https://crazybowlsandwraps.com/ovations/,0,,27,2,1,1,0,,,,,,,
https://crazybowlsandwraps.com/breakfast/fruit-cup/,https://crazybowlsandwraps.com/breakfast/fruit-cup/,200,217,Fruit Cup  – Crazy Bowls and Wraps,,https://crazybowlsandwraps.com/breakfast/fruit-cup/,1,Fruit Cup,21,2,1,3,0,,,,,,,
https://crazybowlsandwraps.com/sides/broccoli/,https://crazybowlsandwraps.com/sides/broccoli/,200,200,Broccoli – Crazy Bowls and Wraps,,https://crazybowlsandwraps.com/sides/broccoli/,1,Broccoli,14,2,1,3,0,,,,,,,
https://crazybowlsandwraps.com/nutrition-information/,https://crazybowlsandwraps.com/nutrition-information/,200,201,Nutrition Information – Crazy Bowls and Wraps,,https://crazybowlsandwraps.com/nutrition-information/,0,,116,2,2,4,0,,,,,3490,0.3794,0.6205
https://crazybowlsandwraps.com/louisville_starters/black-bean-and-green-chile-egg-roll/,https://crazybowlsandwraps.com/louisville_starters/black-bean-and-green-chile-egg-roll/,200,308,Black Bean and Green Chile Egg Roll – Crazy Bowls and Wraps,,https://crazybowlsandwraps.com/louisville_starters/black-bean-and-green-chile-egg-roll/,1,Black Bean and Green Chile Egg Roll,26,2,1,3,0,,,,,,,
https://crazybowlsandwraps.com/Hours/breakfast-monday-friday-7am-1030am/,https://crazybowlsandwraps.com/Hours/breakfast-monday-friday-7am-1030am/,200,264,Breakfast Monday – Friday 7am-10:30am – Crazy Bowls and Wraps,,,1,Hour:Breakfast Monday - Friday 7am-10:30am,23,1,1,3,0,,,,,,,
https://crazybowlsandwraps.com/wraps/traditional-wrap/,https://crazybowlsandwraps.com/wraps/traditional-wrap/,200,101,Power Wrap – Crazy Bowls and Wraps,,https://crazybowlsandwraps.com/wraps/traditional-wrap/,1,Power Wrap,25,2,1,3,0,,,,,,,
https://crazybowlsandwraps.com/starters/vegetable-wontons/,https://crazybowlsandwraps.com/starters/vegetable-wontons/,200,213,Vegetable Wontons – Crazy Bowls and Wraps,,https://crazybowlsandwraps.com/starters/vegetable-wontons/,1,Vegetable Wontons,27,2,1,3,0,,,,,,,
https://crazybowlsandwraps.com/wraps/mediterranean-wrap/,https://crazybowlsandwraps.com/wraps/mediterranean-wrap/,200,247,Mediterranean Wrap – Crazy Bowls and Wraps,,https://crazybowlsandwraps.com/wraps/mediterranean-wrap/,1,Mediterranean Wrap,39,2,1,3,0,,,,,,,
https://crazybowlsandwraps.com/contact-us/,https://crazybowlsandwraps.com/contact-us/,200,231,Contact Us – Crazy Bowls and Wraps,,https://crazybowlsandwraps.com/contact-us/,0,,190,2,2,4,0,,,,,,,
https://crazybowlsandwraps.com/wraps/bbq-wrap/,https://crazybowlsandwraps.com/wraps/bbq-wrap/,200,132,BBQ Wrap – Crazy Bowls and Wraps,,https://crazybowlsandwraps.com/wraps/bbq-wrap/,1,BBQ Wrap,29,2,1,3,0,,,,,,,
https://crazybowlsandwraps.com/louisville_starters/crispy-chicken-bites/,https://crazybowlsandwraps.com/louisville_starters/crispy-chicken-bites/,200,340,Crispy Chicken Bites  – Crazy Bowls and Wraps,,https://crazybowlsandwraps.com/louisville_starters/crispy-chicken-bites/,1,Crispy Chicken Bites,25,2,1,3,0,,,,,,,
https://crazybowlsandwraps.com/louisville_starters/lobster-rangoon/,https://crazybowlsandwraps.com/louisville_starters/lobster-rangoon/,200,275,Lobster Rangoon – Crazy Bowls and Wraps,,https://crazybowlsandwraps.com/louisville_starters/lobster-rangoon/,1,Lobster Rangoon,27,2,1,3,0,,,,,,,
https://crazybowlsandwraps.com/Hours/lunch-dinner-monday-sunday-1030-am-900-pm/,https://crazybowlsandwraps.com/Hours/lunch-dinner-monday-sunday-1030-am-900-pm/,200,400,Lunch & Dinner Monday – Sunday 10:30 am – 9:00 pm – Crazy Bowls and Wraps,,,1,Hour:Lunch & Dinner Monday - Sunday 10:30 am - 9:00 pm,35,1,1,3,0,,,,,,,
https://crazybowlsandwraps.com/bowls/fajita-bowl-8-55-9-55/,https://crazybowlsandwraps.com/bowls/fajita-bowl-8-55-9-55/,200,199,Fajita Bowl – Crazy Bowls and Wraps,,https://crazybowlsandwraps.com/bowls/fajita-bowl-8-55-9-55/,1,Fajita Bowl,43,2,2,3,0,,,,,111,0.3423,0.6577
https://crazybowlsandwraps.com/starters/salt-lime-edamame/,https://crazybowlsandwraps.com/starters/salt-lime-edamame/,200,218,Salt & Lime Edamame  – Crazy Bowls and Wraps,,https://crazybowlsandwraps.com/starters/salt-lime-edamame/,1,Salt & Lime Edamame,34,2,1,3,0,,,,,,,
https://crazybowlsandwraps.com/lto-menu-items/jalapeno-cilantro-wrap/,https://crazybowlsandwraps.com/lto-menu-items/jalapeno-cilantro-wrap/,200,374,JALAPEÑO CILANTRO WRAP  – Crazy Bowls and Wraps,,https://crazybowlsandwraps.com/lto-menu-items/jalapeno-cilantro-wrap/,1,JALAPEÑO CILANTRO WRAP,30,1,1,3,0,,,,,,,
https://crazybowlsandwraps.com/fall-menu/,https://crazybowlsandwraps.com/fall-menu/,200,232,Fall Menu – Crazy Bowls and Wraps,,https://crazybowlsandwraps.com/fall-menu/,0,,508,17,6,4,0,,,,,595,0.7580,0.2420
https://crazybowlsandwraps.com/sides/carrots/,https://crazybowlsandwraps.com/sides/carrots/,200,196,Carrots – Crazy Bowls and Wraps,,https://crazybowlsandwraps.com/sides/carrots/,1,Carrots,14,2,1,3,0,,,,,,,
https://crazybowlsandwraps.com/menu/,https://crazybowlsandwraps.com/menu/,200,225,Menu – Crazy Bowls and Wraps,,https://crazybowlsandwraps.com/menu/,0,,698,89,27,73,0,,,,,20660,0.6823,0.3177
https://crazybowlsandwraps.com/wraps/pesto-wrap/,https://crazybowlsandwraps.com/wraps/pesto-wrap/,200,196,Pesto Wrap – Crazy Bowls and Wraps,,https://crazybowlsandwraps.com/wraps/pesto-wrap/,1,Pesto Wrap,26,2,1,3,0,,,,,,,
https://crazybowlsandwraps.com/starters/bbq-chicken-quesadilla/,https://crazybowlsandwraps.com/starters/bbq-chicken-quesadilla/,200,201,BBQ Chicken Quesadilla  – Crazy Bowls and Wraps,,https://crazybowlsandwraps.com/starters/bbq-chicken-quesadilla/,1,BBQ Chicken Quesadilla,25,2,1,3,0,,,,,,,
https://crazybowlsandwraps.com/bowls/jerk-bowl/,https://crazybowlsandwraps.com/bowls/jerk-bowl/,200,237,Jerk Bowl – Crazy Bowls and Wraps,,https://crazybowlsandwraps.com/bowls/jerk-bowl/,1,Jerk Bowl,29,2,2,3,0,,,,,,,
https://crazybowlsandwraps.com/wraps/buffalo-wrap/,https://crazybowlsandwraps.com/wraps/buffalo-wrap/,200,203,Buffalo Wrap – Crazy Bowls and Wraps,,https://crazybowlsandwraps.com/wraps/buffalo-wrap/,1,Buffalo Wrap,28,2,1,3,0,,,,,164,0.3659,0.6341
https://crazybowlsandwraps.com/breakfast/healthy-burrito/,https://crazybowlsandwraps.com/breakfast/healthy-burrito/,200,86,Healthy Burrito  – Crazy Bowls and Wraps,,https://crazybowlsandwraps.com/breakfast/healthy-burrito/,1,Healthy Burrito,35,2,1,3,0,,,,,,,
https://crazybowlsandwraps.com/Hours/breakfast-monday-saturday-8am-1030am/,https://crazybowlsandwraps.com/Hours/breakfast-monday-saturday-8am-1030am/,200,485,Breakfast Monday – Saturday 8am-10:30am – Crazy Bowls and Wraps,,,1,Hour:Breakfast Monday - Saturday 8am-10:30am,23,1,1,3,0,,,,,,,
https://crazybowlsandwraps.com/bowls/bean-veggie-bowl-7-35-8-55/,https://crazybowlsandwraps.com/bowls/bean-veggie-bowl-7-35-8-55/,200,201,Bean & Veggie Bowl – Crazy Bowls and Wraps,,https://crazybowlsandwraps.com/bowls/bean-veggie-bowl-7-35-8-55/,1,Bean & Veggie Bowl,31,2,2,3,0,,,,,,,
https://crazybowlsandwraps.com/cbw_menu_categories/vegetarian/,https://crazybowlsandwraps.com/cbw_menu_categories/vegetarian/,200,250,Vegetarian – Crazy Bowls and Wraps,,,1,CBW Menu Category:Vegetarian,17,1,1,3,0,,,,,,,
https://crazybowlsandwraps.com/cbw_menu_categories/vegan/,https://crazybowlsandwraps.com/cbw_menu_categories/vegan/,200,483,Vegan – Crazy Bowls and Wraps,,,1,CBW Menu Category:Vegan,17,1,1,3,0,,,,,,,
https://crazybowlsandwraps.com/locations/,https://crazybowlsandwraps.com/locations/,200,124,Locations – Crazy Bowls and Wraps,,https://crazybowlsandwraps.com/locations/,0,,49,3,3,4,0,,,,,19663,0.4647,0.5353
https://crazybowlsandwraps.com/bowls/buffalo-bowl/,https://crazybowlsandwraps.com/bowls/buffalo-bowl/,200,345,Buffalo Bowl – Crazy Bowls and Wraps,,https://crazybowlsandwraps.com/bowls/buffalo-bowl/,1,Buffalo Bowl,21,2,2,3,0,,,,,,,
https://crazybowlsandwraps.com/starters/chicken-tex-mex-egg-roll/,https://crazybowlsandwraps.com/starters/chicken-tex-mex-egg-roll/,200,201,Chicken Tex Mex Egg Roll – Crazy Bowls and Wraps,,https://crazybowlsandwraps.com/starters/chicken-tex-mex-egg-roll/,1,Chicken Tex Mex Egg Roll,34,2,1,3,0,,,,,,,
https://crazybowlsandwraps.com/breakfast/spinach-breakfast-bowl/,https://crazybowlsandwraps.com/breakfast/spinach-breakfast-bowl/,200,78,Spinach Breakfast Bowl  – Crazy Bowls and Wraps,,https://crazybowlsandwraps.com/breakfast/spinach-breakfast-bowl/,1,Spinach Breakfast Bowl,37,2,1,3,0,,,,,,,
https://crazybowlsandwraps.com/sides/fruit-bowl/,https://crazybowlsandwraps.com/sides/fruit-bowl/,200,215,Fruit Bowl – Crazy Bowls and Wraps,,https://crazybowlsandwraps.com/sides/fruit-bowl/,1,Fruit Bowl,16,2,1,3,0,,,,,,,
https://crazybowlsandwraps.com/bowls/teriyaki-bowl-7-35-8-55/,https://crazybowlsandwraps.com/bowls/teriyaki-bowl-7-35-8-55/,200,269,Teriyaki Bowl – Crazy Bowls and Wraps,,https://crazybowlsandwraps.com/bowls/teriyaki-bowl-7-35-8-55/,1,Teriyaki Bowl,32,2,2,3,0,,,,,108,0.3796,0.6204
https://crazybowlsandwraps.com/lto-menu-items/feta-veggie-wrap/,https://crazybowlsandwraps.com/lto-menu-items/feta-veggie-wrap/,200,369,FETA VEGGIE WRAP – Crazy Bowls and Wraps,,https://crazybowlsandwraps.com/lto-menu-items/feta-veggie-wrap/,1,FETA VEGGIE WRAP,34,1,1,3,0,,,,,,,
https://crazybowlsandwraps.com/kids_menu/kids-broccoli-and-chicken-bowl/,https://crazybowlsandwraps.com/kids_menu/kids-broccoli-and-chicken-bowl/,200,202,Kids’ Broccoli and Chicken Bowl – Crazy Bowls and Wraps,,https://crazybowlsandwraps.com/kids_menu/kids-broccoli-and-chicken-bowl/,1,Kids’ Broccoli and Chicken Bowl,35,2,1,3,0,,,,,,,
https://crazybowlsandwraps.com/bowl_categories/paleo/,https://crazybowlsandwraps.com/bowl_categories/paleo/,200,377,Paleo – Crazy Bowls and Wraps,,,1,Bowl Category:Paleo,79,3,3,5,0,,,,,,,
https://crazybowlsandwraps.com/bowls/caesar-bowl/,https://crazybowlsandwraps.com/bowls/caesar-bowl/,200,195,Caesar Bowl – Crazy Bowls and Wraps,,https://crazybowlsandwraps.com/bowls/caesar-bowl/,1,Caesar Bowl,19,2,2,3,0,,,,,,,
https://crazybowlsandwraps.com/salads/kale-quinoa-salad/,https://crazybowlsandwraps.com/salads/kale-quinoa-salad/,200,236,Kale & Quinoa Salad – Crazy Bowls and Wraps,,https://crazybowlsandwraps.com/salads/kale-quinoa-salad/,1,Kale & Quinoa Salad,36,2,2,3,0,,,,,,,
https://crazybowlsandwraps.com/starters/roasted-cauliflower/,https://crazybowlsandwraps.com/starters/roasted-cauliflower/,200,332,Roasted Cauliflower  – Crazy Bowls and Wraps,,https://crazybowlsandwraps.com/starters/roasted-cauliflower/,1,Roasted Cauliflower,21,2,1,3,0,,,,,,,
https://crazybowlsandwraps.com/sides/quinoa/,https://crazybowlsandwraps.com/sides/quinoa/,200,393,Quinoa – Crazy Bowls and Wraps,,https://crazybowlsandwraps.com/sides/quinoa/,1,Quinoa,14,2,1,3,0,,,,,,,
https://crazybowlsandwraps.com/wraps/teriyaki-wrap/,https://crazybowlsandwraps.com/wraps/teriyaki-wrap/,200,231,Teriyaki Wrap – Crazy Bowls and Wraps,,https://crazybowlsandwraps.com/wraps/teriyaki-wrap/,1,Teriyaki Wrap,28,2,1,3,0,,,,,,,
https://crazybowlsandwraps.com/breakfast/protein-scrambler/,https://crazybowlsandwraps.com/breakfast/protein-scrambler/,200,259,Protein Scrambler  – Crazy Bowls and Wraps,,https://crazybowlsandwraps.com/breakfast/protein-scrambler/,1,Protein Scrambler,46,2,1,3,0,,,,,,,
https://crazybowlsandwraps.com/Hours/breakfast-saturday-8am-1030am/,https://crazybowlsandwraps.com/Hours/breakfast-saturday-8am-1030am/,200,398,Breakfast Saturday 8am-10:30am – Crazy Bowls and Wraps,,,1,Hour:Breakfast Saturday 8am-10:30am,19,1,1,3,0,,,,,,,
https://crazybowlsandwraps.com/cbw_menu_categories/best-seller/,https://crazybowlsandwraps.com/cbw_menu_categories/best-seller/,200,103,Best Seller – Crazy Bowls and Wraps,,,1,CBW Menu Category:Best Seller,19,1,1,3,0,,,,,,,
https://crazybowlsandwraps.com/Hours/sunday-closed/,https://crazybowlsandwraps.com/Hours/sunday-closed/,200,331,Sunday CLOSED – Crazy Bowls and Wraps,,,1,Hour:Sunday CLOSED,17,1,1,3,0,,,,,,,
https://crazybowlsandwraps.com/louisville_starters/chips-queso/,https://crazybowlsandwraps.com/louisville_starters/chips-queso/,200,393,Chips & Queso – Crazy Bowls and Wraps,,https://crazybowlsandwraps.com/louisville_starters/chips-queso/,1,Chips & Queso,23,2,2,3,0,,,,,,,
https://crazybowlsandwraps.com/cbw_menu_categories/wraps/,https://crazybowlsandwraps.com/cbw_menu_categories/wraps/,200,226,Wraps – Crazy Bowls and Wraps,,,1,CBW Menu Category:Wraps,17,1,1,3,0,,,,,,,
https://crazybowlsandwraps.com/lto-menu-items/tostada-salad/,https://crazybowlsandwraps.com/lto-menu-items/tostada-salad/,200,178,TOSTADA SALAD – Crazy Bowls and Wraps,,https://crazybowlsandwraps.com/lto-menu-items/tostada-salad/,1,TOSTADA SALAD,34,1,1,3,0,,,,,,,
https://crazybowlsandwraps.com/bowls/pesto-bowl-7-50-8-50/,https://crazybowlsandwraps.com/bowls/pesto-bowl-7-50-8-50/,200,197,Pesto Bowl – Crazy Bowls and Wraps,,https://crazybowlsandwraps.com/bowls/pesto-bowl-7-50-8-50/,1,Pesto Bowl,35,2,2,3,0,,,,,136,0.4191,0.5809
https://crazybowlsandwraps.com/kids_menu/crispy-chicken/,https://crazybowlsandwraps.com/kids_menu/crispy-chicken/,200,209,Crispy Chicken – Crazy Bowls and Wraps,,https://crazybowlsandwraps.com/kids_menu/crispy-chicken/,1,Crispy Chicken,24,2,1,3,0,,,,,,,
https://crazybowlsandwraps.com/salad_categories/gluten-free/,https://crazybowlsandwraps.com/salad_categories/gluten-free/,200,313,Gluten-Free – Crazy Bowls and Wraps,,,1,Salad Category:Gluten-Free,57,3,3,5,0,,,,,,,
https://crazybowlsandwraps.com/author/tchristianapriceweber-com/,https://crazybowlsandwraps.com/author/tchristianapriceweber-com/,200,559,Tyrus Christiana – Crazy Bowls and Wraps,,,1,Author:Tyrus Christiana,17,1,1,3,0,,,,,,,
https://crazybowlsandwraps.com/cbw_menu_categories/gluten-free/,https://crazybowlsandwraps.com/cbw_menu_categories/gluten-free/,200,393,Gluten-Free – Crazy Bowls and Wraps,,,1,CBW Menu Category:Gluten-Free,17,1,1,3,0,,,,,,,
https://crazybowlsandwraps.com/sides/slaw/,https://crazybowlsandwraps.com/sides/slaw/,200,725,Slaw – Crazy Bowls and Wraps,,https://crazybowlsandwraps.com/sides/slaw/,1,Slaw,14,2,1,3,0,,,,,,,
https://crazybowlsandwraps.com/bowls/stir-fry-bowl-7-35-8-55/,https://crazybowlsandwraps.com/bowls/stir-fry-bowl-7-35-8-55/,200,214,Stir Fry Bowl – Crazy Bowls and Wraps,,https://crazybowlsandwraps.com/bowls/stir-fry-bowl-7-35-8-55/,1,Stir Fry Bowl,46,2,2,3,0,,,,,,,
https://crazybowlsandwraps.com/catering,https://crazybowlsandwraps.com/catering/,200,255,Catering – Crazy Bowls and Wraps,,https://crazybowlsandwraps.com/catering/,0,,189,2,2,7,0,,,,,1105,0.5936,0.4064
https://crazybowlsandwraps.com/wp-content/uploads/2023/09/CBW_Catering_Spring2023.pdf,https://crazybowlsandwraps.com/wp-content/uploads/2023/09/CBW_Catering_Spring2023.pdf,200,620,,,,0,,0,0,0,0,0,,,,,,,
https://crazybowlsandwraps.com/cdn-cgi/l/email-protection,https://crazybowlsandwraps.com/cdn-cgi/l/email-protection,404,45,Email Protection | Cloudflare,,,1,Email Protection,120,0,0,0,0,,,,,,,
